epoch,epoch_index_zero_based,timestamp,img_size,batch_size,max_train_samples,max_val_samples,train_dataset_size,val_dataset_size,device,lr_before_scheduler,lr_after_scheduler,epoch_elapsed_sec,checkpoint_path,architecture,phase,loss,silog_loss,l1_loss,gradient_loss,abs_rel,rmse,si_rmse,avg_grad_norm,valid_pixel_fraction,n_batches,n_samples,skipped_batches,elapsed_sec,samples_per_sec
1,0,2026-05-25 23:09:37,256,4,19600,3000,19600,3000,cuda,0.001,0.001,192.30992317199707,/content/DepthModelWithCues.pth,DepthModelWithCues,train,0.9712216098272071,0.9555405428731928,0.08307472255537096,0.06439715071362728,6.06190916539455,0.1341881328349819,0.911469717378519,2.0225811710680017,0.536069901135503,4900,19600,0,167.09216976165771,117.30052956974392
1,0,2026-05-25 23:09:37,256,4,19600,3000,19600,3000,cuda,0.001,0.001,192.30992317199707,/content/DepthModelWithCues.pth,DepthModelWithCues,val,0.8586062580943108,0.8441895369291306,0.07560727571571867,0.061512627471238375,4.282324980974197,0.1259917277308802,0.8571934493780136,nan,0.5350346984863281,750,3000,0,25.215829849243164,118.97288401515935
2,1,2026-05-25 23:12:47,256,4,19600,3000,19600,3000,cuda,0.001,0.001,189.46165251731873,/content/DepthModelWithCues.pth,DepthModelWithCues,train,0.855709489918485,0.8412470643359179,0.07468439803059612,0.06519529813311385,5.749256540938299,0.11999933835385101,0.8587873738395925,2.014808821647751,0.536069901135503,4900,19600,0,164.4660415649414,119.17353767075802
2,1,2026-05-25 23:12:47,256,4,19600,3000,19600,3000,cuda,0.001,0.001,189.46165251731873,/content/DepthModelWithCues.pth,DepthModelWithCues,val,0.7862480727831522,0.7731593550642332,0.06526989187548558,0.06596466459830602,7.121372565031051,0.10347614773362875,0.8221937764485677,nan,0.5350346984863281,750,3000,0,24.994011640548706,120.02875101222205
3,2,2026-05-25 23:15:57,256,4,19600,3000,19600,3000,cuda,0.001,0.001,190.25531554222107,/content/DepthModelWithCues.pth,DepthModelWithCues,train,0.7751457599961028,0.7614503370347072,0.06935721170537326,0.06583682016887683,5.5731566041708,0.11237383520800849,0.8179141602345875,2.0237615109250253,0.536069901135503,4900,19600,0,165.45689630508423,118.45985533210877
3,2,2026-05-25 23:15:57,256,4,19600,3000,19600,3000,cuda,0.001,0.001,190.25531554222107,/content/DepthModelWithCues.pth,DepthModelWithCues,val,0.7007096707423528,0.6883397401372592,0.06151001251054307,0.0628685990187029,4.859614028374354,0.10222885634625951,0.7824788339535396,nan,0.5350346984863281,750,3000,0,24.796781063079834,120.98344508379472
4,3,2026-05-25 23:19:06,256,4,19600,3000,19600,3000,cuda,0.001,0.001,188.51799035072327,/content/DepthModelWithCues.pth,DepthModelWithCues,train,0.7179358038792805,0.7047859433475806,0.06569687294412632,0.06590659567668122,5.4279493320414,0.10649919926046336,0.7893827956489154,1.9428940939051764,0.536069901135503,4900,19600,0,163.68955326080322,119.73885693714199
4,3,2026-05-25 23:19:06,256,4,19600,3000,19600,3000,cuda,0.001,0.001,188.51799035072327,/content/DepthModelWithCues.pth,DepthModelWithCues,val,0.6748772027790546,0.6625112303992112,0.0616202545935909,0.06245864843018353,4.669737085660299,0.10279228294330339,0.7667473495403926,nan,0.5350346984863281,750,3000,0,24.826799869537354,120.83716047838367
5,4,2026-05-25 23:22:17,256,4,19600,3000,19600,3000,cuda,0.001,0.001,191.01985383033752,/content/DepthModelWithCues.pth,DepthModelWithCues,train,0.683178155668536,0.67037350648672,0.06342127227300436,0.06582916456863892,5.364748854065428,0.10376917267835946,0.7705639071853794,1.8354258619552972,0.536069901135503,4900,19600,0,163.4815981388092,119.89116954532095
5,4,2026-05-25 23:22:17,256,4,19600,3000,19600,3000,cuda,0.001,0.001,191.01985383033752,/content/DepthModelWithCues.pth,DepthModelWithCues,val,0.6860988754034042,0.673208813726902,0.06376304782057803,0.0665120905606697,8.466828952868779,0.09531511055181424,0.7550410917202631,nan,0.5350346984863281,750,3000,0,24.78156614303589,121.05772422470802
6,5,2026-05-25 23:25:24,256,4,19600,3000,19600,3000,cuda,0.001,0.001,187.7541561126709,/content/DepthModelWithCues.pth,DepthModelWithCues,train,0.653066749495207,0.64066412671032,0.06070441822877762,0.0659391959237733,5.313945757126322,0.09958861180039465,0.7549096175784967,1.792055755541945,0.536069901135503,4900,19600,0,162.7559859752655,120.42567824804102
6,5,2026-05-25 23:25:24,256,4,19600,3000,19600,3000,cuda,0.001,0.001,187.7541561126709,/content/DepthModelWithCues.pth,DepthModelWithCues,val,0.6151483160456022,0.6033357659777006,0.05775396348846455,0.06298912929929792,4.308899075190226,0.09725337491991619,0.7351918216546377,nan,0.5350346984863281,750,3000,0,24.996462106704712,120.01698429136181
7,6,2026-05-25 23:28:33,256,4,19600,3000,19600,3000,cuda,0.001,0.001,188.67268085479736,/content/DepthModelWithCues.pth,DepthModelWithCues,train,0.6170117123546649,0.604884958819163,0.05891019069713217,0.06580448545487028,5.176870116299512,0.09676263126772733,0.7354981741248345,1.7388570945861996,0.536069901135503,4900,19600,0,163.2389714717865,120.069367157141
7,6,2026-05-25 23:28:33,256,4,19600,3000,19600,3000,cuda,0.001,0.001,188.67268085479736,/content/DepthModelWithCues.pth,DepthModelWithCues,val,0.6091671075026194,0.5971150335272153,0.059719822789231936,0.061882023596515255,4.392894409894943,0.10084287941455841,0.7320759799083074,nan,0.5350346984863281,750,3000,0,25.432055234909058,117.96136695559233
8,7,2026-05-25 23:31:42,256,4,19600,3000,19600,3000,cuda,0.001,0.001,188.44905757904053,/content/DepthModelWithCues.pth,DepthModelWithCues,train,0.6032973227923621,0.5914742066224619,0.05692899038083851,0.0656753511249791,5.039117021609326,0.09389578685126439,0.7278753216534245,1.6621421195140906,0.536069901135503,4900,19600,0,163.73187804222107,119.70790437611547
8,7,2026-05-25 23:31:42,256,4,19600,3000,19600,3000,cuda,0.001,0.001,188.44905757904053,/content/DepthModelWithCues.pth,DepthModelWithCues,val,0.6006630804936091,0.58940236779054,0.053430289811144276,0.06492338558658957,6.104664756774902,0.08664678644388914,0.7265371625820796,nan,0.5350346984863281,750,3000,0,24.7156925201416,121.38037392863683
9,8,2026-05-25 23:34:51,256,4,19600,3000,19600,3000,cuda,0.001,0.001,188.9976954460144,/content/DepthModelWithCues.pth,DepthModelWithCues,train,0.5791553314014966,0.5675747848530205,0.05533818209610347,0.06559638610993493,4.957312437867632,0.09143670516174135,0.714481084559645,1.6330075027595978,0.536069901135503,4900,19600,0,164.10848593711853,119.43319011248532
9,8,2026-05-25 23:34:51,256,4,19600,3000,19600,3000,cuda,0.001,0.001,188.9976954460144,/content/DepthModelWithCues.pth,DepthModelWithCues,val,0.5545042911569278,0.5438840341965357,0.04955515599437058,0.06373966263482968,5.733753222386042,0.0814353524086376,0.6988042362133662,nan,0.5350346984863281,750,3000,0,24.887622117996216,120.54184950962843
10,9,2026-05-25 23:38:01,256,4,19600,3000,19600,3000,cuda,0.001,0.001,190.82784461975098,/content/DepthModelWithCues.pth,DepthModelWithCues,train,0.5597728853018916,0.5484689922402708,0.05359387477128101,0.06529622343672933,4.999736280343971,0.08923402007051497,0.7028571179569983,1.5833196656512363,0.536069901135503,4900,19600,0,163.66882848739624,119.75401902207268
10,9,2026-05-25 23:38:01,256,4,19600,3000,19600,3000,cuda,0.001,0.001,190.82784461975098,/content/DepthModelWithCues.pth,DepthModelWithCues,val,0.5730102264881134,0.561954072992007,0.05215179790804784,0.06466767220944167,7.3917504488627115,0.08189210507894555,0.697113722483317,nan,0.5350346984863281,750,3000,0,24.735936880111694,121.28103392809327
11,10,2026-05-25 23:41:10,256,4,19600,3000,19600,3000,cuda,0.001,0.001,188.23969531059265,/content/DepthModelWithCues.pth,DepthModelWithCues,train,0.5440687271496472,0.5329390348828569,0.05241596206058083,0.06534594123261239,4.974710582379176,0.08699825862565135,0.6938789924127715,1.5680162824203774,0.536069901135503,4900,19600,0,163.34182739257812,119.99375979119588
11,10,2026-05-25 23:41:10,256,4,19600,3000,19600,3000,cuda,0.001,0.001,188.23969531059265,/content/DepthModelWithCues.pth,DepthModelWithCues,val,0.5367835585872333,0.5263253562847773,0.04912769674944381,0.061780951341614126,4.166771412690481,0.0828589433922122,0.6910180342594783,nan,0.5350346984863281,750,3000,0,24.896193265914917,120.50034991121572
12,11,2026-05-25 23:44:18,256,4,19600,3000,19600,3000,cuda,0.001,0.001,187.92721438407898,/content/DepthModelWithCues.pth,DepthModelWithCues,train,0.5298169272469014,0.5189778329751321,0.050503223851342136,0.06527221330831169,4.934090762247845,0.08457764569784001,0.6866567678232582,1.533464409778921,0.536069901135503,4900,19600,0,162.78853273391724,120.40160121128919
12,11,2026-05-25 23:44:18,256,4,19600,3000,19600,3000,cuda,0.001,0.001,187.92721438407898,/content/DepthModelWithCues.pth,DepthModelWithCues,val,0.5523879926900069,0.5421467360258102,0.04712584655918181,0.06344760702426235,6.300256796916326,0.07793420877059301,0.6929187494516372,nan,0.5350346984863281,750,3000,0,25.137134313583374,119.34534631415355
13,12,2026-05-25 23:47:26,256,4,19600,3000,19600,3000,cuda,0.001,0.001,187.94677758216858,/content/DepthModelWithCues.pth,DepthModelWithCues,train,0.5207634083926678,0.5100568524915345,0.04970456959703481,0.06501740869780888,4.911483492285622,0.08345434348631119,0.6801513917288001,1.4739253716946257,0.536069901135503,4900,19600,0,163.17569851875305,120.11592521387283
13,12,2026-05-25 23:47:26,256,4,19600,3000,19600,3000,cuda,0.001,0.001,187.94677758216858,/content/DepthModelWithCues.pth,DepthModelWithCues,val,0.5051890863378843,0.4949880255659421,0.047445461699118216,0.06168480613020559,4.102461726943652,0.08055681290042897,0.6710898211399714,nan,0.5350346984863281,750,3000,0,24.769484281539917,121.11677279594495
14,13,2026-05-25 23:50:33,256,4,19600,3000,19600,3000,cuda,0.001,0.001,187.81609654426575,/content/DepthModelWithCues.pth,DepthModelWithCues,train,0.5084053467518213,0.4977889766300819,0.049095919711838416,0.06503963467104322,4.857996984525602,0.0823618765846275,0.6719662851946695,1.4416814509657572,0.536069901135503,4900,19600,0,162.84821796417236,120.35747302013537
14,13,2026-05-25 23:50:33,256,4,19600,3000,19600,3000,cuda,0.001,0.001,187.81609654426575,/content/DepthModelWithCues.pth,DepthModelWithCues,val,0.49704088040192923,0.4869634578426679,0.04661549994597832,0.061701949294035635,4.359309079329173,0.07999289148362974,0.6660101471741994,nan,0.5350346984863281,750,3000,0,24.966184377670288,120.1625348358476
15,14,2026-05-25 23:53:44,256,4,19600,3000,19600,3000,cuda,0.001,0.001,190.30191206932068,/content/DepthModelWithCues.pth,DepthModelWithCues,train,0.4981198347390306,0.4876529335473873,0.04810462122554986,0.06502415372182292,4.833302624055317,0.08131563459599049,0.6659387301851292,1.4023961253008064,0.536069901135503,4900,19600,0,162.91394877433777,120.30891245014985
15,14,2026-05-25 23:53:44,256,4,19600,3000,19600,3000,cuda,0.001,0.001,190.30191206932068,/content/DepthModelWithCues.pth,DepthModelWithCues,val,0.5263684022128582,0.5163371027708054,0.04554969854528705,0.06397687597510715,6.3125012980302175,0.07441361013924082,0.6765314575036366,nan,0.5350346984863281,750,3000,0,24.93049144744873,120.33457127484769
16,15,2026-05-25 23:56:52,256,4,19600,3000,19600,3000,cuda,0.001,0.0005,188.32453155517578,/content/DepthModelWithCues.pth,DepthModelWithCues,train,0.48895520448380586,0.4786613614431449,0.04700459599228842,0.06486306770405333,4.8005845279353005,0.07949399751221418,0.6606813074313864,1.3708267432724943,0.536069901135503,4900,19600,0,163.54996991157532,119.8410492560586
16,15,2026-05-25 23:56:52,256,4,19600,3000,19600,3000,cuda,0.001,0.0005,188.32453155517578,/content/DepthModelWithCues.pth,DepthModelWithCues,val,0.5133158996105194,0.5031705194115639,0.04653386922056476,0.06330599691967169,5.879156228780746,0.0756606776614984,0.6691526919603348,nan,0.5350346984863281,750,3000,0,24.773077487945557,121.09920543621533
17,16,2026-05-25 23:59:59,256,4,19600,3000,19600,3000,cuda,0.0005,0.0005,186.80709767341614,/content/DepthModelWithCues.pth,DepthModelWithCues,train,0.45148859081523757,0.44179117705749005,0.04310968501312772,0.06461920765209563,4.689940480997368,0.07405698342885518,0.6385529503287102,1.2488030114481035,0.536069901135503,4900,19600,0,161.84711170196533,121.10194487803142
17,16,2026-05-25 23:59:59,256,4,19600,3000,19600,3000,cuda,0.0005,0.0005,186.80709767341614,/content/DepthModelWithCues.pth,DepthModelWithCues,val,0.4631820539037387,0.45411294293403626,0.03958109663551052,0.06263892900695403,4.977474933187167,0.06862918513268232,0.6436176653703054,nan,0.5350346984863281,750,3000,0,24.958680868148804,120.19866017151857
18,17,2026-05-26 00:03:05,256,4,19600,3000,19600,3000,cuda,0.0005,0.0005,186.47508645057678,/content/DepthModelWithCues.pth,DepthModelWithCues,train,0.44336723798999983,0.43382589056631743,0.04207399958991731,0.06460494635949786,4.66057936370981,0.07260736751740761,0.6331426659165597,1.2597852656762212,0.536069901135503,4900,19600,0,161.73620629310608,121.18498664720714
18,17,2026-05-26 00:03:05,256,4,19600,3000,19600,3000,cuda,0.0005,0.0005,186.47508645057678,/content/DepthModelWithCues.pth,DepthModelWithCues,val,0.46047565976778665,0.4513659497698148,0.039500416016206144,0.0636929251079758,5.291712668657303,0.06891122701143225,0.6415534305969874,nan,0.5350346984863281,750,3000,0,24.737491607666016,121.27341153176242
19,18,2026-05-26 00:06:13,256,4,19600,3000,19600,3000,cuda,0.0005,0.0005,187.01245975494385,/content/DepthModelWithCues.pth,DepthModelWithCues,train,0.4382718227727681,0.4287793994482074,0.04175319574749553,0.06458887246475384,4.673826217845995,0.07201930262899141,0.6299193698167801,1.2797690009280127,0.536069901135503,4900,19600,0,162.5762481689453,120.55881606784376
19,18,2026-05-26 00:06:13,256,4,19600,3000,19600,3000,cuda,0.0005,0.0005,187.01245975494385,/content/DepthModelWithCues.pth,DepthModelWithCues,val,0.44991323360800745,0.44088112815221153,0.03933730715699494,0.06263021144891778,4.705423084259033,0.06885587406034271,0.6354350748062134,nan,0.5350346984863281,750,3000,0,24.434679985046387,122.77631636002393
20,19,2026-05-26 00:09:21,256,4,19600,3000,19600,3000,cuda,0.0005,0.0005,188.6806652545929,/content/DepthModelWithCues.pth,DepthModelWithCues,train,0.4336617854663304,0.4242611240032984,0.04114237229468073,0.06458610714736338,4.61961695655268,0.07111733663095428,0.6266832037482943,1.2711655260500858,0.536069901135503,4900,19600,0,161.67785358428955,121.22872468604172
20,19,2026-05-26 00:09:21,256,4,19600,3000,19600,3000,cuda,0.0005,0.0005,188.6806652545929,/content/DepthModelWithCues.pth,DepthModelWithCues,val,0.4455791081984838,0.43663458742698036,0.03879020118092497,0.06251982818543911,4.473943347056707,0.06749389175449809,0.6330970925490061,nan,0.5350346984863281,750,3000,0,24.59800386428833,121.96111589182385
21,20,2026-05-26 00:12:28,256,4,19600,3000,19600,3000,cuda,0.0005,0.0005,187.1388783454895,/content/DepthModelWithCues.pth,DepthModelWithCues,train,0.426799314180199,0.41752247627900574,0.040329742534276174,0.06454752852123383,4.623950359036728,0.0699830180133826,0.6223373134160528,1.2579981368080695,0.536069901135503,4900,19600,0,162.413889169693,120.6793341394686
21,20,2026-05-26 00:12:28,256,4,19600,3000,19600,3000,cuda,0.0005,0.0005,187.1388783454895,/content/DepthModelWithCues.pth,DepthModelWithCues,val,0.4436918041606744,0.4346139001250267,0.03944485089182854,0.06322354882086317,4.881899479468664,0.06880279493269821,0.6305530305703481,nan,0.5350346984863281,750,3000,0,24.723578691482544,121.34165678181218
22,21,2026-05-26 00:15:35,256,4,19600,3000,19600,3000,cuda,0.0005,0.0005,186.24778938293457,/content/DepthModelWithCues.pth,DepthModelWithCues,train,0.4224553070962429,0.4132217758620272,0.04002974265188511,0.06458139821316819,4.557044250405564,0.06990484534392172,0.6194246014831017,1.262350504221965,0.536069901135503,4900,19600,0,161.43485355377197,121.41120438698499
22,21,2026-05-26 00:15:35,256,4,19600,3000,19600,3000,cuda,0.0005,0.0005,186.24778938293457,/content/DepthModelWithCues.pth,DepthModelWithCues,val,0.4350097798804442,0.42613435872395833,0.03854939130321145,0.06186025705995659,4.4629690929651264,0.06730511222903927,0.6265228257973989,nan,0.5350346984863281,750,3000,0,24.81128692626953,120.91271238428506
23,22,2026-05-26 00:18:41,256,4,19600,3000,19600,3000,cuda,0.0005,0.0005,186.27410459518433,/content/DepthModelWithCues.pth,DepthModelWithCues,train,0.41857407098674043,0.4093997738555986,0.039653732164534834,0.06452473720820735,4.572890961571615,0.06931484850674716,0.6163408286170083,1.2537546278338652,0.536069901135503,4900,19600,0,161.76044034957886,121.16683138128604
23,22,2026-05-26 00:18:41,256,4,19600,3000,19600,3000,cuda,0.0005,0.0005,186.27410459518433,/content/DepthModelWithCues.pth,DepthModelWithCues,val,0.45312720955411595,0.44429930205146473,0.03821321626069645,0.06191849315042297,4.5505155885616935,0.06760701653920113,0.6372732314268748,nan,0.5350346984863281,750,3000,0,24.512158393859863,122.38824308313382
24,23,2026-05-26 00:21:48,256,4,19600,3000,19600,3000,cuda,0.0005,0.0005,186.8587839603424,/content/DepthModelWithCues.pth,DepthModelWithCues,train,0.41483668407767404,0.4057827757040457,0.038889926742781335,0.06440838036326958,4.537557847901266,0.06824972737827624,0.6142778563621093,1.250659071803093,0.536069901135503,4900,19600,0,162.34346103668213,120.73168746581857
24,23,2026-05-26 00:21:48,256,4,19600,3000,19600,3000,cuda,0.0005,0.0005,186.8587839603424,/content/DepthModelWithCues.pth,DepthModelWithCues,val,0.4305258686840534,0.42168534849087397,0.038277006579563025,0.06197939030577739,4.438759612798691,0.0667983811503897,0.6229695332050323,nan,0.5350346984863281,750,3000,0,24.513773202896118,122.38018093622456
25,24,2026-05-26 00:24:57,256,4,19600,3000,19600,3000,cuda,0.0005,0.0005,188.8983337879181,/content/DepthModelWithCues.pth,DepthModelWithCues,train,0.4081645768880844,0.3991818640943693,0.038392267436625396,0.06447744709544112,4.511536270744947,0.06777018192566323,0.6097554196569385,1.2082773783164364,0.536069901135503,4900,19600,0,161.7208709716797,121.19647811835198
25,24,2026-05-26 00:24:57,256,4,19600,3000,19600,3000,cuda,0.0005,0.0005,188.8983337879181,/content/DepthModelWithCues.pth,DepthModelWithCues,val,0.44348532996575035,0.43476383260885876,0.037128063733999926,0.06304572813150783,5.7011101338863375,0.06460036268830299,0.6262721399068832,nan,0.5350346984863281,750,3000,0,24.527501583099365,122.31168306466016
26,25,2026-05-26 00:28:03,256,4,19600,3000,19600,3000,cuda,0.0005,0.00025,186.519184589386,/content/DepthModelWithCues.pth,DepthModelWithCues,train,0.40564256252302805,0.39671538950685337,0.03806258454096827,0.06435570188484402,4.530480710341006,0.06735928478622238,0.6080702935858648,1.2262297656174217,0.536069901135503,4900,19600,0,161.88474321365356,121.07379368129925
26,25,2026-05-26 00:28:03,256,4,19600,3000,19600,3000,cuda,0.0005,0.00025,186.519184589386,/content/DepthModelWithCues.pth,DepthModelWithCues,val,0.43246848554412526,0.42389137762784956,0.036310231197314954,0.06261145588134726,4.860987622499466,0.06441854892671109,0.6221142177581787,nan,0.5350346984863281,750,3000,0,24.63276958465576,121.7889847785837
27,26,2026-05-26 00:31:10,256,4,19600,3000,19600,3000,cuda,0.00025,0.00025,186.86560082435608,/content/DepthModelWithCues.pth,DepthModelWithCues,train,0.38934527818949854,0.3807120924230133,0.03613465363853516,0.06425974704600794,4.509769596183786,0.06501151324781988,0.5973984044486162,1.1329980755057567,0.536069901135503,4900,19600,0,162.19526886940002,120.84199580310793
27,26,2026-05-26 00:31:10,256,4,19600,3000,19600,3000,cuda,0.00025,0.00025,186.86560082435608,/content/DepthModelWithCues.pth,DepthModelWithCues,val,0.41702811445792515,0.4084332115749518,0.03656471383788933,0.06220389970516165,4.4763638981978096,0.06496673433979352,0.6129503208001454,nan,0.5350346984863281,750,3000,0,24.668933868408203,121.61044396985038
28,27,2026-05-26 00:34:16,256,4,19600,3000,19600,3000,cuda,0.00025,0.00025,186.19916152954102,/content/DepthModelWithCues.pth,DepthModelWithCues,train,0.38603920768110117,0.3774029451091679,0.03615062220136122,0.06427337639033795,4.520922069093403,0.06462738497467825,0.5948000196717224,1.1473904020932255,0.536069901135503,4900,19600,0,161.66312551498413,121.23976904172453
28,27,2026-05-26 00:34:16,256,4,19600,3000,19600,3000,cuda,0.00025,0.00025,186.19916152954102,/content/DepthModelWithCues.pth,DepthModelWithCues,val,0.41100609373052915,0.40264001217484474,0.03511845033212255,0.0619662750903517,4.51587323876222,0.06256136861629784,0.6085912084976832,nan,0.5350346984863281,750,3000,0,24.534475803375244,122.27691449544993
29,28,2026-05-26 00:37:23,256,4,19600,3000,19600,3000,cuda,0.00025,0.00025,186.1705048084259,/content/DepthModelWithCues.pth,DepthModelWithCues,train,0.3833120313378013,0.3747735301785323,0.0354762133385758,0.06434137685366963,4.469286989709553,0.06379999496270808,0.5928862639045229,1.15696754529464,0.536069901135503,4900,19600,0,161.3638093471527,121.46465852100216
29,28,2026-05-26 00:37:23,256,4,19600,3000,19600,3000,cuda,0.00025,0.00025,186.1705048084259,/content/DepthModelWithCues.pth,DepthModelWithCues,val,0.419501841912667,0.4111727931002776,0.034607977548924584,0.06275703379015128,5.056374488194783,0.0624504048153758,0.6123931111097336,nan,0.5350346984863281,750,3000,0,24.805139541625977,120.94267782552252
30,29,2026-05-26 00:40:32,256,4,19600,3000,19600,3000,cuda,0.00025,0.00025,188.94903540611267,/content/DepthModelWithCues.pth,DepthModelWithCues,train,0.38136135526913767,0.3728900801071099,0.035085885974207934,0.06416783431079238,4.483816029800444,0.06349152496198611,0.5912317279467777,1.1501445705869369,0.536069901135503,4900,19600,0,162.02479934692383,120.96913607671209
30,29,2026-05-26 00:40:32,256,4,19600,3000,19600,3000,cuda,0.00025,0.00025,188.94903540611267,/content/DepthModelWithCues.pth,DepthModelWithCues,val,0.4072830043534438,0.3990404908359051,0.03435561501979828,0.061783424831305944,4.356542203187942,0.06234434583224356,0.6063410708506902,nan,0.5350346984863281,750,3000,0,24.48313570022583,122.53332402892855
31,30,2026-05-26 00:43:39,256,4,19600,3000,19600,3000,cuda,0.00025,0.00025,187.30023622512817,/content/DepthModelWithCues.pth,DepthModelWithCues,train,0.37772195234438594,0.36927227522949785,0.034947297364064704,0.06415164396779764,4.464081816253613,0.06326515888671713,0.5890794551372528,1.134327507285135,0.536069901135503,4900,19600,0,162.35435843467712,120.723583825968
31,30,2026-05-26 00:43:39,256,4,19600,3000,19600,3000,cuda,0.00025,0.00025,187.30023622512817,/content/DepthModelWithCues.pth,DepthModelWithCues,val,0.40681741642951963,0.39855864851673445,0.03446831807680428,0.06177040712100764,4.371688285152118,0.06234242243133485,0.6070633885065715,nan,0.5350346984863281,750,3000,0,24.944101572036743,120.26891372841067
32,31,2026-05-26 00:46:46,256,4,19600,3000,19600,3000,cuda,0.00025,0.00025,186.5649402141571,/content/DepthModelWithCues.pth,DepthModelWithCues,train,0.37695855489342794,0.36852185999556464,0.034868670622152945,0.0641278889688321,4.423641062062614,0.06299212174385559,0.5879213762769894,1.147377680081646,0.536069901135503,4900,19600,0,161.7001416683197,121.21201501606373
32,31,2026-05-26 00:46:46,256,4,19600,3000,19600,3000,cuda,0.00025,0.00025,186.5649402141571,/content/DepthModelWithCues.pth,DepthModelWithCues,val,0.4103035904069742,0.4018596218029658,0.03563149149343371,0.0619848962413768,4.1334448943932856,0.06357943388385077,0.6085663788715998,nan,0.5350346984863281,750,3000,0,24.862942934036255,120.66150044905321
33,32,2026-05-26 00:49:53,256,4,19600,3000,19600,3000,cuda,0.00025,0.00025,187.18953323364258,/content/DepthModelWithCues.pth,DepthModelWithCues,train,0.37444166479062063,0.36606800571388126,0.03443957415399883,0.0641544530422864,4.48039822191,0.06259951219428331,0.5867034127274338,1.1328411688427535,0.536069901135503,4900,19600,0,162.4906497001648,120.62232526097237
33,32,2026-05-26 00:49:53,256,4,19600,3000,19600,3000,cuda,0.00025,0.00025,187.18953323364258,/content/DepthModelWithCues.pth,DepthModelWithCues,val,0.40418039948741596,0.39590110755960145,0.034480831515664855,0.06214333849338194,4.672537978450457,0.06188773795527717,0.604270653963089,nan,0.5350346984863281,750,3000,0,24.6974937915802,121.46981492602912
34,33,2026-05-26 00:53:00,256,4,19600,3000,19600,3000,cuda,0.00025,0.00025,187.59501838684082,/content/DepthModelWithCues.pth,DepthModelWithCues,train,0.37372525475158985,0.36533987300888615,0.03452363672899082,0.06413672159953347,4.488914681283795,0.06273572977584768,0.5858831642537701,1.1580270448289052,0.536069901135503,4900,19600,0,163.07979655265808,120.18656151359133
34,33,2026-05-26 00:53:00,256,4,19600,3000,19600,3000,cuda,0.00025,0.00025,187.59501838684082,/content/DepthModelWithCues.pth,DepthModelWithCues,val,0.40753035906950635,0.39933207417527833,0.03408612462536742,0.061707310582200685,4.4083126909335455,0.06170831603743136,0.6067503966887792,nan,0.5350346984863281,750,3000,0,24.51366639137268,122.3807141740257
35,34,2026-05-26 00:56:10,256,4,19600,3000,19600,3000,cuda,0.00025,0.00025,189.4731786251068,/content/DepthModelWithCues.pth,DepthModelWithCues,train,0.3710099752384181,0.3626973458394712,0.034078958565274216,0.06401570567433551,4.470949138019766,0.06190251389717949,0.5842446494163299,1.1208015863521368,0.536069901135503,4900,19600,0,162.2637803554535,120.79097354359936
35,34,2026-05-26 00:56:10,256,4,19600,3000,19600,3000,cuda,0.00025,0.00025,189.4731786251068,/content/DepthModelWithCues.pth,DepthModelWithCues,val,0.40398878849546116,0.3958480467895667,0.03359783183193455,0.0620213332058241,4.604933723568917,0.061014305892090004,0.6039701689481736,nan,0.5350346984863281,750,3000,0,24.79785132408142,120.97822350788402
36,35,2026-05-26 00:59:16,256,4,19600,3000,19600,3000,cuda,0.00025,0.00025,186.31394600868225,/content/DepthModelWithCues.pth,DepthModelWithCues,train,0.36941742355270046,0.3611322937069499,0.0338739723755921,0.06408068121311122,4.449950578170164,0.061463318528341394,0.582617474350394,1.1335380204584526,0.536069901135503,4900,19600,0,161.79295301437378,121.14248262876274
36,35,2026-05-26 00:59:16,256,4,19600,3000,19600,3000,cuda,0.00025,0.00025,186.31394600868225,/content/DepthModelWithCues.pth,DepthModelWithCues,val,0.41726372160514197,0.4082467917998632,0.03968829786280791,0.06127370230294764,3.6000431643327078,0.0704017305697004,0.6112870701154073,nan,0.5350346984863281,750,3000,0,24.51934242248535,122.35238402025267
37,36,2026-05-26 01:02:22,256,4,19600,3000,19600,3000,cuda,0.00025,0.00025,185.91701292991638,/content/DepthModelWithCues.pth,DepthModelWithCues,train,0.3672527688057447,0.35898214780706533,0.033787102854278474,0.06405110433916276,4.374109063969583,0.061743852901795154,0.5813714634946414,1.1144975068085656,0.536069901135503,4900,19600,0,161.04865288734436,121.70235297596967
37,36,2026-05-26 01:02:22,256,4,19600,3000,19600,3000,cuda,0.00025,0.00025,185.91701292991638,/content/DepthModelWithCues.pth,DepthModelWithCues,val,0.4019230630000432,0.3936673787931601,0.03433351475838572,0.062113133557761706,4.426365739067395,0.061887378426268694,0.6022545544703801,nan,0.5350346984863281,750,3000,0,24.86680316925049,120.64276938137775
38,37,2026-05-26 01:05:30,256,4,19600,3000,19600,3000,cuda,0.00025,0.00025,188.37975788116455,/content/DepthModelWithCues.pth,DepthModelWithCues,train,0.3681711798100447,0.35990180950535805,0.03377497916280919,0.06406246479011464,4.519089562406346,0.06184023867646346,0.5819801493506043,1.1391449826317175,0.536069901135503,4900,19600,0,163.1701741218567,120.11999193775803
38,37,2026-05-26 01:05:30,256,4,19600,3000,19600,3000,cuda,0.00025,0.00025,188.37975788116455,/content/DepthModelWithCues.pth,DepthModelWithCues,val,0.4027053969005744,0.39448539352416995,0.034178342481764656,0.06186504563999673,4.311575104395549,0.06173259030717115,0.6024768957297008,nan,0.5350346984863281,750,3000,0,25.207825660705566,119.01066122797162
39,38,2026-05-26 01:08:39,256,4,19600,3000,19600,3000,cuda,0.00025,0.000125,188.3428955078125,/content/DepthModelWithCues.pth,DepthModelWithCues,train,0.3648255907455269,0.3565836326017672,0.0335854131703227,0.0640829155303785,4.355759357244384,0.061546004821109224,0.5795057231491926,1.1206258757138738,0.536069901135503,4900,19600,0,163.51546001434326,119.8663416797453
39,38,2026-05-26 01:08:39,256,4,19600,3000,19600,3000,cuda,0.00025,0.000125,188.3428955078125,/content/DepthModelWithCues.pth,DepthModelWithCues,val,0.4066529898643494,0.3984425841569901,0.033924746469284096,0.062433871845404304,5.124978451212248,0.061093307796865705,0.6046322198708852,nan,0.5350346984863281,750,3000,0,24.825889110565186,120.84159349295112
40,39,2026-05-26 01:11:50,256,4,19600,3000,19600,3000,cuda,0.000125,0.000125,191.06954383850098,/content/DepthModelWithCues.pth,DepthModelWithCues,train,0.3562347907998732,0.3481425461446752,0.03262991456466974,0.06395514242436585,4.420480056173948,0.060120460605343845,0.5735351523331234,1.0466098555367516,0.536069901135503,4900,19600,0,163.7647523880005,119.68387405833582
40,39,2026-05-26 01:11:50,256,4,19600,3000,19600,3000,cuda,0.000125,0.000125,191.06954383850098,/content/DepthModelWithCues.pth,DepthModelWithCues,val,0.39705927555759746,0.3889804085791111,0.03319792214874178,0.061983555981268486,4.618629906892776,0.060336993354062236,0.5984884193738301,nan,0.5350346984863281,750,3000,0,24.849961280822754,120.72453417926104
41,40,2026-05-26 01:15:00,256,4,19600,3000,19600,3000,cuda,0.000125,0.000125,189.93323683738708,/content/DepthModelWithCues.pth,DepthModelWithCues,train,0.3544539457970128,0.3464074188926998,0.0323291557239207,0.0639430634177537,4.339875110217503,0.05971378557046647,0.5723515473701516,1.0559325932954646,0.536069901135503,4900,19600,0,165.0118601322174,118.7793409776443
41,40,2026-05-26 01:15:00,256,4,19600,3000,19600,3000,cuda,0.000125,0.000125,189.93323683738708,/content/DepthModelWithCues.pth,DepthModelWithCues,val,0.3938876203894615,0.38583120685815814,0.033094293509920436,0.06184540041474004,4.533723520159722,0.060262112850944204,0.5965535952250163,nan,0.5350346984863281,750,3000,0,24.91984796524048,120.3859672091322
42,41,2026-05-26 01:18:09,256,4,19600,3000,19600,3000,cuda,0.000125,0.000125,189.31121969223022,/content/DepthModelWithCues.pth,DepthModelWithCues,train,0.35283436483418457,0.3448163435243222,0.03215220626115761,0.06390380129427174,4.339483762456446,0.05935898017470858,0.5710455421282321,1.0536971797170687,0.536069901135503,4900,19600,0,164.06039333343506,119.46820071414258
42,41,2026-05-26 01:18:09,256,4,19600,3000,19600,3000,cuda,0.000125,0.000125,189.31121969223022,/content/DepthModelWithCues.pth,DepthModelWithCues,val,0.3949055971403917,0.3867856886982918,0.0334820931252713,0.06195189991779625,4.2841139982938765,0.06096170717229446,0.597562221924464,nan,0.5350346984863281,750,3000,0,25.24916934967041,118.81578987623847
43,42,2026-05-26 01:21:19,256,4,19600,3000,19600,3000,cuda,0.000125,0.000125,189.36402821540833,/content/DepthModelWithCues.pth,DepthModelWithCues,train,0.3522479549962647,0.3442559885705004,0.031972673151176426,0.06392131556842325,4.435697315961731,0.059412584866073974,0.5707813394860346,1.0490922153809545,0.536069901135503,4900,19600,0,164.38404726982117,119.23298109231011
43,42,2026-05-26 01:21:19,256,4,19600,3000,19600,3000,cuda,0.000125,0.000125,189.36402821540833,/content/DepthModelWithCues.pth,DepthModelWithCues,val,0.39199772920211157,0.3839059642652671,0.03327437084758034,0.06201217204270264,4.5609077994823455,0.06067491801083088,0.5952746662298838,nan,0.5350346984863281,750,3000,0,24.978315830230713,120.10417437228355
44,43,2026-05-26 01:24:28,256,4,19600,3000,19600,3000,cuda,0.000125,0.000125,189.53601622581482,/content/DepthModelWithCues.pth,DepthModelWithCues,train,0.35154887161388687,0.3435501599570318,0.03201590890677798,0.06392650029983143,4.376957125207599,0.05906533518017327,0.5699054393841296,1.0476212142940078,0.536069901135503,4900,19600,0,164.68920826911926,119.01204824527157
44,43,2026-05-26 01:24:28,256,4,19600,3000,19600,3000,cuda,0.000125,0.000125,189.53601622581482,/content/DepthModelWithCues.pth,DepthModelWithCues,val,0.391581124941508,0.3836338400642077,0.032397467221754295,0.06175331423121194,4.504510496218999,0.05976130028006931,0.5954860120217006,nan,0.5350346984863281,750,3000,0,24.845250368118286,120.7474247814236
45,44,2026-05-26 01:27:39,256,4,19600,3000,19600,3000,cuda,0.000125,0.000125,190.7601933479309,/content/DepthModelWithCues.pth,DepthModelWithCues,train,0.35077011171500294,0.3427659912665888,0.032061241866488545,0.06389868094566829,4.409943639867159,0.05934975262123103,0.5695864236233186,1.0630635703096585,0.536069901135503,4900,19600,0,163.08586359024048,120.18209039408686
45,44,2026-05-26 01:27:39,256,4,19600,3000,19600,3000,cuda,0.000125,0.000125,190.7601933479309,/content/DepthModelWithCues.pth,DepthModelWithCues,val,0.3979730672339598,0.38981240028142927,0.03370133168591807,0.06210932647064328,4.529482232809067,0.06092475995483498,0.5994510953823725,nan,0.5350346984863281,750,3000,0,25.217814922332764,118.96351881555034
46,45,2026-05-26 01:30:47,256,4,19600,3000,19600,3000,cuda,0.000125,6.25e-05,188.3789472579956,/content/DepthModelWithCues.pth,DepthModelWithCues,train,0.349323146957524,0.3413526169529983,0.03182727527771411,0.0639287722993604,4.412125591228203,0.0593386230991241,0.5683871057447122,1.0534876149451855,0.536069901135503,4900,19600,0,163.3423171043396,119.99340004145978
46,45,2026-05-26 01:30:47,256,4,19600,3000,19600,3000,cuda,0.000125,6.25e-05,188.3789472579956,/content/DepthModelWithCues.pth,DepthModelWithCues,val,0.39511749654014905,0.38716787975033123,0.03238135855365545,0.061848250119015576,4.443716465791066,0.059570851080119606,0.5972452738682429,nan,0.5350346984863281,750,3000,0,25.034963846206665,119.83240792474979
47,46,2026-05-26 01:33:56,256,4,19600,3000,19600,3000,cuda,6.25e-05,6.25e-05,188.29693865776062,/content/DepthModelWithCues.pth,DepthModelWithCues,train,0.34490760729477116,0.33703182915035557,0.03122287790053429,0.06384692963887462,4.4002142546006615,0.058338204824213626,0.5651843940968416,1.0244602965335456,0.536069901135503,4900,19600,0,163.5995934009552,119.8046987315163
47,46,2026-05-26 01:33:56,256,4,19600,3000,19600,3000,cuda,6.25e-05,6.25e-05,188.29693865776062,/content/DepthModelWithCues.pth,DepthModelWithCues,val,0.39268795159459113,0.3847852903207143,0.03201289217205097,0.062014550931751726,4.509706631064415,0.05894789373067518,0.5958433345556259,nan,0.5350346984863281,750,3000,0,24.695704460144043,121.47861604197793
48,47,2026-05-26 01:37:05,256,4,19600,3000,19600,3000,cuda,6.25e-05,6.25e-05,188.96248245239258,/content/DepthModelWithCues.pth,DepthModelWithCues,train,0.3438114225377842,0.33595248114241627,0.031088961614248324,0.06391193707943989,4.3167128747884105,0.058280802117375546,0.564128527501408,1.0136827722739201,0.536069901135503,4900,19600,0,163.81443762779236,119.64757370491202
48,47,2026-05-26 01:37:05,256,4,19600,3000,19600,3000,cuda,6.25e-05,6.25e-05,188.96248245239258,/content/DepthModelWithCues.pth,DepthModelWithCues,val,0.3892939495941003,0.38134676468372347,0.03234359243512153,0.06191292524151504,4.525853933175405,0.059125360421215495,0.5937821957667668,nan,0.5350346984863281,750,3000,0,25.146286725997925,119.30190857556707
49,48,2026-05-26 01:40:13,256,4,19600,3000,19600,3000,cuda,6.25e-05,6.25e-05,188.47272562980652,/content/DepthModelWithCues.pth,DepthModelWithCues,train,0.34521438353219813,0.33733907600142515,0.031196144658844082,0.06391770594463475,4.353426275186393,0.05824353175665423,0.565353988561095,1.038234286598709,0.536069901135503,4900,19600,0,163.40313816070557,119.94873672942298
49,48,2026-05-26 01:40:13,256,4,19600,3000,19600,3000,cuda,6.25e-05,6.25e-05,188.47272562980652,/content/DepthModelWithCues.pth,DepthModelWithCues,val,0.38963828899463016,0.38159571145971616,0.03300760977622121,0.0618287277854979,4.425326123754184,0.060166735919192436,0.5936127103567124,nan,0.5350346984863281,750,3000,0,25.067917585372925,119.67487884795399
50,49,2026-05-26 01:43:24,256,4,19600,3000,19600,3000,cuda,6.25e-05,6.25e-05,191.00857853889465,/content/DepthModelWithCues.pth,DepthModelWithCues,train,0.3423381770858351,0.3344989753788223,0.030983256694043473,0.0638342575927512,4.370049608812041,0.05806103815647717,0.5635899324015695,1.0273784034562354,0.536069901135503,4900,19600,0,163.50594019889832,119.8733206644199
50,49,2026-05-26 01:43:24,256,4,19600,3000,19600,3000,cuda,6.25e-05,6.25e-05,191.00857853889465,/content/DepthModelWithCues.pth,DepthModelWithCues,val,0.38907950202624003,0.3810292062262694,0.03314230144179116,0.061579002382854624,4.285540839950244,0.06050746827572584,0.5935593334039052,nan,0.5350346984863281,750,3000,0,25.037688732147217,119.81936639974843
51,50,2026-05-26 01:46:32,256,4,19600,3000,19600,3000,cuda,6.25e-05,6.25e-05,187.96771049499512,/content/DepthModelWithCues.pth,DepthModelWithCues,train,0.3417375106212436,0.33389928863973034,0.03097377864795984,0.0638431018674556,4.34145191415232,0.05805100362576848,0.562712208999663,1.0268480105576467,0.536069901135503,4900,19600,0,163.1780617237091,120.11418565068175
51,50,2026-05-26 01:46:32,256,4,19600,3000,19600,3000,cuda,6.25e-05,6.25e-05,187.96771049499512,/content/DepthModelWithCues.pth,DepthModelWithCues,val,0.3878988175690174,0.3799342740972837,0.03254786894780894,0.061647272243474924,4.306788194100062,0.0597717853654176,0.5929888357718786,nan,0.5350346984863281,750,3000,0,24.788129806518555,121.02566927865158
52,51,2026-05-26 01:49:41,256,4,19600,3000,19600,3000,cuda,6.25e-05,6.25e-05,188.34807014465332,/content/DepthModelWithCues.pth,DepthModelWithCues,train,0.3415045220268016,0.33368593300027505,0.030839794773171295,0.06385239420971853,4.2925413980471845,0.05777565614900038,0.562732214909427,1.0283249994625852,0.536069901135503,4900,19600,0,163.19601392745972,120.10097261757973
52,51,2026-05-26 01:49:41,256,4,19600,3000,19600,3000,cuda,6.25e-05,6.25e-05,188.34807014465332,/content/DepthModelWithCues.pth,DepthModelWithCues,val,0.38726321415106457,0.3793435671031475,0.03219838316366076,0.06179776863629619,4.557577622969945,0.05929256797395647,0.592000270764033,nan,0.5350346984863281,750,3000,0,25.15036916732788,119.28254333130081
53,52,2026-05-26 01:52:49,256,4,19600,3000,19600,3000,cuda,6.25e-05,6.25e-05,188.46341037750244,/content/DepthModelWithCues.pth,DepthModelWithCues,train,0.34168467214977255,0.33388139892445534,0.030741216393273173,0.06384181027927872,4.298757208074842,0.057903865525517996,0.5628859091778191,1.0244472474787307,0.536069901135503,4900,19600,0,163.553120136261,119.83874097706394
53,52,2026-05-26 01:52:49,256,4,19600,3000,19600,3000,cuda,6.25e-05,6.25e-05,188.46341037750244,/content/DepthModelWithCues.pth,DepthModelWithCues,val,0.38779729468623797,0.3798346245686213,0.03253382626765718,0.061651911177362004,4.297160325050354,0.05959583691880107,0.5926138877073924,nan,0.5350346984863281,750,3000,0,24.908610820770264,120.44027752436614
54,53,2026-05-26 01:55:58,256,4,19600,3000,19600,3000,cuda,6.25e-05,3.125e-05,189.22124528884888,/content/DepthModelWithCues.pth,DepthModelWithCues,train,0.3407519149521784,0.33293739617174983,0.03081659385682635,0.06384059348766102,4.341412727425293,0.05782349708062426,0.5620810279310966,1.0217702520577883,0.536069901135503,4900,19600,0,164.40618181228638,119.21692836573895
54,53,2026-05-26 01:55:58,256,4,19600,3000,19600,3000,cuda,6.25e-05,3.125e-05,189.22124528884888,/content/DepthModelWithCues.pth,DepthModelWithCues,val,0.3875261095861594,0.37963200597961744,0.032046686477959156,0.06174199611321091,4.539377362807592,0.0590361273791641,0.5922003981669743,nan,0.5350346984863281,750,3000,0,24.8133807182312,120.90250958007516
55,54,2026-05-26 01:59:11,256,4,19600,3000,19600,3000,cuda,3.125e-05,3.125e-05,192.32614469528198,/content/DepthModelWithCues.pth,DepthModelWithCues,train,0.33824841922795285,0.3304805027739126,0.030511983734393986,0.06382237495521882,4.334855726008512,0.0575920345030763,0.5600333670146611,0.9968897356914014,0.536069901135503,4900,19600,0,164.1800239086151,119.3811496270072
55,54,2026-05-26 01:59:11,256,4,19600,3000,19600,3000,cuda,3.125e-05,3.125e-05,192.32614469528198,/content/DepthModelWithCues.pth,DepthModelWithCues,val,0.38728865775465965,0.3793038677970568,0.03263110159492741,0.06180248956754804,4.3690041125615435,0.05965767983098825,0.5925569432179133,nan,0.5350346984863281,750,3000,0,25.33449625968933,118.41561676414355
56,55,2026-05-26 02:02:19,256,4,19600,3000,19600,3000,cuda,3.125e-05,3.125e-05,188.25283193588257,/content/DepthModelWithCues.pth,DepthModelWithCues,train,0.3392258171509115,0.33145900929764827,0.030507192616493498,0.06381457337434879,4.319325358612197,0.05740992650670018,0.5609270490553915,1.0099742963712435,0.536069901135503,4900,19600,0,163.364972114563,119.9767596829454
56,55,2026-05-26 02:02:19,256,4,19600,3000,19600,3000,cuda,3.125e-05,3.125e-05,188.25283193588257,/content/DepthModelWithCues.pth,DepthModelWithCues,val,0.3854787943760554,0.37749310106039047,0.032637286114816866,0.06180199976575871,4.4059243628184,0.0596629611675938,0.5910412890116373,nan,0.5350346984863281,750,3000,0,24.886194705963135,120.54876349903151
57,56,2026-05-26 02:05:28,256,4,19600,3000,19600,3000,cuda,3.125e-05,3.125e-05,188.6271550655365,/content/DepthModelWithCues.pth,DepthModelWithCues,train,0.3373913309738344,0.329627810785813,0.030481148305282528,0.06382695239141811,4.33926629469711,0.057356982614455404,0.5596093741332998,0.9936550511951957,0.536069901135503,4900,19600,0,163.2294840812683,120.07634595133314
57,56,2026-05-26 02:05:28,256,4,19600,3000,19600,3000,cuda,3.125e-05,3.125e-05,188.6271550655365,/content/DepthModelWithCues.pth,DepthModelWithCues,val,0.38733283162117005,0.3794320417443911,0.03211469696896772,0.061671706785137455,4.338856647570928,0.059173600983495514,0.5924046621322632,nan,0.5350346984863281,750,3000,0,25.39613389968872,118.12821635960782
58,57,2026-05-26 02:08:37,256,4,19600,3000,19600,3000,cuda,3.125e-05,1.5625e-05,189.05103850364685,/content/DepthModelWithCues.pth,DepthModelWithCues,train,0.3395780096431168,0.33181685885452494,0.030466017617121796,0.0638249579584226,4.328519776098582,0.05735051479789295,0.5611220422752049,1.0284320347756148,0.536069901135503,4900,19600,0,164.0657286643982,119.46431567126636
58,57,2026-05-26 02:08:37,256,4,19600,3000,19600,3000,cuda,3.125e-05,1.5625e-05,189.05103850364685,/content/DepthModelWithCues.pth,DepthModelWithCues,val,0.3870378001332283,0.3791437166929245,0.031994067658670244,0.0618994516171515,4.5584029545783995,0.058963327266896765,0.5918630042076111,nan,0.5350346984863281,750,3000,0,24.98365020751953,120.07853036211121
59,58,2026-05-26 02:11:45,256,4,19600,3000,19600,3000,cuda,1.5625e-05,1.5625e-05,188.0753185749054,/content/DepthModelWithCues.pth,DepthModelWithCues,train,0.33671012230217456,0.32899095917842824,0.030174128048939212,0.06386087645790825,4.284573812721943,0.05701953999127964,0.5590695887864853,0.9933001893272205,0.536069901135503,4900,19600,0,163.06380033493042,120.19835156387816
59,58,2026-05-26 02:11:45,256,4,19600,3000,19600,3000,cuda,1.5625e-05,1.5625e-05,188.0753185749054,/content/DepthModelWithCues.pth,DepthModelWithCues,val,0.386991518865029,0.3790874960223834,0.03209046732851614,0.061809055392319956,4.491523986975352,0.05893205685851475,0.5919173756043117,nan,0.5350346984863281,750,3000,0,25.009933948516846,119.95233598679327
60,59,2026-05-26 02:14:55,256,4,19600,3000,19600,3000,cuda,1.5625e-05,7.8125e-06,190.61048817634583,/content/DepthModelWithCues.pth,DepthModelWithCues,train,0.3351346553360321,0.3274006428904071,0.030273369942953317,0.06386013085421707,4.291816515283926,0.05693376944177043,0.5578541134267437,0.9865754553447572,0.536069901135503,4900,19600,0,163.2240822315216,120.08031984029668
60,59,2026-05-26 02:14:55,256,4,19600,3000,19600,3000,cuda,1.5625e-05,7.8125e-06,190.61048817634583,/content/DepthModelWithCues.pth,DepthModelWithCues,val,0.3858666037420432,0.3779587004383405,0.03212506239923338,0.06178286813323697,4.458507990280787,0.059056556755676864,0.5912757148345311,nan,0.5350346984863281,750,3000,0,24.9425048828125,120.27661271772484
61,60,2026-05-26 02:18:05,256,4,19600,3000,19600,3000,cuda,7.8125e-06,7.8125e-06,189.8824999332428,/content/DepthModelWithCues.pth,DepthModelWithCues,train,0.33570165404251645,0.3279729535111359,0.030267047564907723,0.06377286710472284,4.344818899376052,0.056824507105487344,0.5579550785616952,0.9816961304052751,0.536069901135503,4900,19600,0,164.40697121620178,119.21635594287065
61,60,2026-05-26 02:18:05,256,4,19600,3000,19600,3000,cuda,7.8125e-06,7.8125e-06,189.8824999332428,/content/DepthModelWithCues.pth,DepthModelWithCues,val,0.3856742188433806,0.3777594887216886,0.03214223806342731,0.06186787360471984,4.485311211427053,0.05908325955085456,0.5911170802513759,nan,0.5350346984863281,750,3000,0,25.473859310150146,117.76778553552896
62,61,2026-05-26 02:21:13,256,4,19600,3000,19600,3000,cuda,7.8125e-06,3.90625e-06,187.37661123275757,/content/DepthModelWithCues.pth,DepthModelWithCues,train,0.33588549790637834,0.32818451539138144,0.03005343265826719,0.06385935478159512,4.30363030951242,0.05685005938159112,0.5585020636417428,0.9908291017400975,0.536069901135503,4900,19600,0,162.43145966529846,120.6662800444396
62,61,2026-05-26 02:21:13,256,4,19600,3000,19600,3000,cuda,7.8125e-06,3.90625e-06,187.37661123275757,/content/DepthModelWithCues.pth,DepthModelWithCues,val,0.3856841439108054,0.37776225781440737,0.03221009426191449,0.06180743800538282,4.447534625132879,0.059153646267329656,0.5911260414520899,nan,0.5350346984863281,750,3000,0,24.943568468093872,120.27148416383956
63,62,2026-05-26 02:24:22,256,4,19600,3000,19600,3000,cuda,3.90625e-06,3.90625e-06,189.4909119606018,/content/DepthModelWithCues.pth,DepthModelWithCues,train,0.33533100449765213,0.3276191592459776,0.030139060495373775,0.06381971917191179,4.289794208176282,0.05697544254581159,0.5583043704774915,0.9862553639877207,0.536069901135503,4900,19600,0,164.2818672657013,119.30714159889563
63,62,2026-05-26 02:24:22,256,4,19600,3000,19600,3000,cuda,3.90625e-06,3.90625e-06,189.4909119606018,/content/DepthModelWithCues.pth,DepthModelWithCues,val,0.3853706810573737,0.37744694913427035,0.032230766590995094,0.06178232296121617,4.441618615309397,0.059205475873624284,0.5909519645770391,nan,0.5350346984863281,750,3000,0,25.207640409469604,119.01153583867405
64,63,2026-05-26 02:27:31,256,4,19600,3000,19600,3000,cuda,3.90625e-06,3.90625e-06,188.3528380393982,/content/DepthModelWithCues.pth,DepthModelWithCues,train,0.33573232993635593,0.3280190083186845,0.03014138451772647,0.06384227868967822,4.274562040512659,0.05674644095343252,0.5583429932898405,0.9842772040151212,0.536069901135503,4900,19600,0,163.43348240852356,119.92646617543896
64,63,2026-05-26 02:27:31,256,4,19600,3000,19600,3000,cuda,3.90625e-06,3.90625e-06,188.3528380393982,/content/DepthModelWithCues.pth,DepthModelWithCues,val,0.3854515371620655,0.3775472718179226,0.032090843581284084,0.06181276441179216,4.479952335516612,0.05902054991635183,0.5908999293247859,nan,0.5350346984863281,750,3000,0,24.917609691619873,120.39678111696807
65,64,2026-05-26 02:30:42,256,4,19600,3000,19600,3000,cuda,3.90625e-06,1.953125e-06,191.02594232559204,/content/DepthModelWithCues.pth,DepthModelWithCues,train,0.33520114356005676,0.32749781647507026,0.030072109667603306,0.06385021547653845,4.34259412219938,0.056934831848092456,0.558325968512467,0.9824653923937252,0.536069901135503,4900,19600,0,163.4012167453766,119.95014719224592
65,64,2026-05-26 02:30:42,256,4,19600,3000,19600,3000,cuda,3.90625e-06,1.953125e-06,191.02594232559204,/content/DepthModelWithCues.pth,DepthModelWithCues,val,0.3855544501443704,0.37765009849270187,0.03209145208882789,0.06181267913803458,4.460759107907613,0.05899740294739604,0.5910551826159159,nan,0.5350346984863281,750,3000,0,25.185251235961914,119.11733466118109
66,65,2026-05-26 02:33:50,256,4,19600,3000,19600,3000,cuda,1.953125e-06,1.953125e-06,187.97999453544617,/content/DepthModelWithCues.pth,DepthModelWithCues,train,0.3348886741515325,0.32717255310288496,0.030154782569045392,0.06385807298171353,4.311713890950291,0.05720541666969847,0.5576660569772428,0.9929881725886038,0.536069901135503,4900,19600,0,163.1033971309662,120.16917087423937
66,65,2026-05-26 02:33:50,256,4,19600,3000,19600,3000,cuda,1.953125e-06,1.953125e-06,187.97999453544617,/content/DepthModelWithCues.pth,DepthModelWithCues,val,0.3851565828025341,0.3772410301864147,0.032175176772288976,0.061785522611811756,4.420696535507838,0.059149824991822246,0.5908908996582031,nan,0.5350346984863281,750,3000,0,24.875133514404297,120.60236775263166
67,66,2026-05-26 02:36:58,256,4,19600,3000,19600,3000,cuda,1.953125e-06,1.953125e-06,188.6692841053009,/content/DepthModelWithCues.pth,DepthModelWithCues,train,0.3352213899852062,0.32752754505343584,0.03002910278547479,0.063789587147838,4.296694928219123,0.05674864353274699,0.5581672810535042,0.9874717181312794,0.536069901135503,4900,19600,0,163.42552828788757,119.93230314344146
67,66,2026-05-26 02:36:58,256,4,19600,3000,19600,3000,cuda,1.953125e-06,1.953125e-06,188.6692841053009,/content/DepthModelWithCues.pth,DepthModelWithCues,val,0.3854956870873769,0.3775838985542456,0.03214126761443913,0.06181197316199541,4.449561814387639,0.05908604016837975,0.5910349693695705,nan,0.5350346984863281,750,3000,0,25.242119789123535,118.84897247388298
68,67,2026-05-26 02:40:07,256,4,19600,3000,19600,3000,cuda,1.953125e-06,9.765625e-07,188.38503861427307,/content/DepthModelWithCues.pth,DepthModelWithCues,train,0.33557645919827783,0.3278668375647798,0.030114359874705954,0.06384934667241285,4.3303366371502685,0.056889165053999394,0.5582574357791823,0.9874392852643314,0.536069901135503,4900,19600,0,163.42722630500793,119.93105704076551
68,67,2026-05-26 02:40:07,256,4,19600,3000,19600,3000,cuda,1.953125e-06,9.765625e-07,188.38503861427307,/content/DepthModelWithCues.pth,DepthModelWithCues,val,0.38568173854549725,0.3777805117170016,0.03207118412231406,0.06181097576767206,4.455567689180374,0.05899539482407272,0.5911477131843567,nan,0.5350346984863281,750,3000,0,24.95618486404419,120.2106818948225
69,68,2026-05-26 02:43:15,256,4,19600,3000,19600,3000,cuda,9.765625e-07,9.765625e-07,188.60098338127136,/content/DepthModelWithCues.pth,DepthModelWithCues,train,0.33631696022286706,0.3285922727330911,0.030224000067896762,0.06382174196757605,4.3061764815632175,0.057039433599601744,0.5587299517405276,0.9857165766971148,0.536069901135503,4900,19600,0,163.61089706420898,119.79642158130821
69,68,2026-05-26 02:43:15,256,4,19600,3000,19600,3000,cuda,9.765625e-07,9.765625e-07,188.60098338127136,/content/DepthModelWithCues.pth,DepthModelWithCues,val,0.3855089661975702,0.37759365795056027,0.03216748460382223,0.06180368464998901,4.4405976432959235,0.0591235403927664,0.5910521753231684,nan,0.5350346984863281,750,3000,0,24.98849368095398,120.05525576303845
70,69,2026-05-26 02:46:27,256,4,19600,3000,19600,3000,cuda,9.765625e-07,4.8828125e-07,191.35425806045532,/content/DepthModelWithCues.pth,DepthModelWithCues,train,0.3351077340056702,0.3274141342177683,0.03002136028576072,0.06380791065017027,4.328743286473411,0.05698318298887081,0.5578553962464236,0.9840825211043869,0.536069901135503,4900,19600,0,164.00057983398438,119.51177257934589
70,69,2026-05-26 02:46:27,256,4,19600,3000,19600,3000,cuda,9.765625e-07,4.8828125e-07,191.35425806045532,/content/DepthModelWithCues.pth,DepthModelWithCues,val,0.3853225084443887,0.3773992250661055,0.03223122576934596,0.061771981004004675,4.410380320310592,0.05922256156740089,0.5909819668928782,nan,0.5350346984863281,750,3000,0,24.90977168083191,120.43466469459865
71,70,2026-05-26 02:49:36,256,4,19600,3000,19600,3000,cuda,4.8828125e-07,4.8828125e-07,188.95045971870422,/content/DepthModelWithCues.pth,DepthModelWithCues,train,0.33608848136602615,0.32836611996956017,0.030194318102843756,0.06386427058952347,4.2696124055312605,0.05706340654515566,0.5587508965146785,0.9955914661257851,0.536069901135503,4900,19600,0,164.10417246818542,119.43632940716249
71,70,2026-05-26 02:49:36,256,4,19600,3000,19600,3000,cuda,4.8828125e-07,4.8828125e-07,188.95045971870422,/content/DepthModelWithCues.pth,DepthModelWithCues,val,0.3853971614837646,0.37747992924849194,0.032185214338203275,0.06178901600216826,4.434513557831447,0.059155703433478875,0.5909890781641006,nan,0.5350346984863281,750,3000,0,24.844547510147095,120.7508407538809
72,71,2026-05-26 02:52:45,256,4,19600,3000,19600,3000,cuda,4.8828125e-07,2.44140625e-07,189.2250096797943,/content/DepthModelWithCues.pth,DepthModelWithCues,train,0.33532170767078595,0.32761325569329214,0.030113983416160076,0.06382708497483246,4.324267394554858,0.05687390256292966,0.5578753004390367,0.9841451754497023,0.536069901135503,4900,19600,0,163.99473762512207,119.51603011069734
72,71,2026-05-26 02:52:45,256,4,19600,3000,19600,3000,cuda,4.8828125e-07,2.44140625e-07,189.2250096797943,/content/DepthModelWithCues.pth,DepthModelWithCues,val,0.38541043227911,0.37749694610635437,0.0321572777905191,0.06179789957466225,4.4443240041732786,0.05911660535695652,0.5909822988112767,nan,0.5350346984863281,750,3000,0,25.228506565093994,118.91310301144743
73,72,2026-05-26 02:55:54,256,4,19600,3000,19600,3000,cuda,2.44140625e-07,2.44140625e-07,188.53051662445068,/content/DepthModelWithCues.pth,DepthModelWithCues,train,0.3345293811830331,0.32681447252022977,0.030134306342188954,0.06389524758085419,4.267309019200656,0.05671299103186561,0.557562207768158,0.9720459759433051,0.536069901135503,4900,19600,0,163.49966645240784,119.87792039750276
73,72,2026-05-26 02:55:54,256,4,19600,3000,19600,3000,cuda,2.44140625e-07,2.44140625e-07,188.53051662445068,/content/DepthModelWithCues.pth,DepthModelWithCues,val,0.38536800641814867,0.3774536311030388,0.0321666254500548,0.061787611020728946,4.432028592745463,0.05913406686360637,0.5909817676941553,nan,0.5350346984863281,750,3000,0,25.029255151748657,119.85973940540562
74,73,2026-05-26 02:59:03,256,4,19600,3000,19600,3000,cuda,2.44140625e-07,1.220703125e-07,189.4804241657257,/content/DepthModelWithCues.pth,DepthModelWithCues,train,0.33541074527921727,0.32770361763178085,0.03010153369752367,0.06383793766002113,4.322911548298232,0.057032634798171264,0.557904981739667,0.9862013755784351,0.536069901135503,4900,19600,0,164.29655981063843,119.29647232169783
74,73,2026-05-26 02:59:03,256,4,19600,3000,19600,3000,cuda,2.44140625e-07,1.220703125e-07,189.4804241657257,/content/DepthModelWithCues.pth,DepthModelWithCues,val,0.38538374536236125,0.37746958031256994,0.032163607152489324,0.06179247092952331,4.438235691229503,0.059126929980392255,0.5909687135219573,nan,0.5350346984863281,750,3000,0,25.182226181030273,119.13164382027092
75,74,2026-05-26 03:02:14,256,4,19600,3000,19600,3000,cuda,1.220703125e-07,1.220703125e-07,191.0617389678955,/content/DepthModelWithCues.pth,DepthModelWithCues,train,0.334750178971765,0.3270475014512028,0.03007408787427489,0.06383128148940753,4.320008029670132,0.056845792922742513,0.5578509138919869,0.9842923706678711,0.536069901135503,4900,19600,0,163.55883312225342,119.83455510073135
75,74,2026-05-26 03:02:14,256,4,19600,3000,19600,3000,cuda,1.220703125e-07,1.220703125e-07,191.0617389678955,/content/DepthModelWithCues.pth,DepthModelWithCues,val,0.38536671130855876,0.3774521543085575,0.032167134662469225,0.061789725486810006,4.4347794768015545,0.0591335008063664,0.5909654513200124,nan,0.5350346984863281,750,3000,0,25.04073143005371,119.80480715509056
76,75,2026-05-26 03:05:20,256,4,19600,3000,19600,3000,cuda,1.220703125e-07,6.103515625e-08,186.2933919429779,/content/DepthModelWithCues.pth,DepthModelWithCues,train,0.33538617862578557,0.32768085675276054,0.030093399872837056,0.06382623134827127,4.320558245863233,0.05677650361811286,0.5582615280820399,0.9862538383733861,0.536069901135503,4900,19600,0,161.82639360427856,121.11744915930569
76,75,2026-05-26 03:05:20,256,4,19600,3000,19600,3000,cuda,1.220703125e-07,6.103515625e-08,186.2933919429779,/content/DepthModelWithCues.pth,DepthModelWithCues,val,0.3853897248605887,0.3774762766857942,0.03215855361148715,0.061793294173975784,4.437574459711711,0.05912104274332523,0.5909787638187408,nan,0.5350346984863281,750,3000,0,24.465179443359375,122.62325755449528
77,76,2026-05-26 03:08:28,256,4,19600,3000,19600,3000,cuda,6.103515625e-08,6.103515625e-08,187.20829820632935,/content/DepthModelWithCues.pth,DepthModelWithCues,train,0.33498556946917457,0.32725904833449393,0.030248834471721962,0.06378391419413823,4.282904055063822,0.0571709817105296,0.5578029858761904,0.9817897421760219,0.536069901135503,4900,19600,0,162.40695190429688,120.68448899619693
77,76,2026-05-26 03:08:28,256,4,19600,3000,19600,3000,cuda,6.103515625e-08,6.103515625e-08,187.20829820632935,/content/DepthModelWithCues.pth,DepthModelWithCues,val,0.38539395201206206,0.3774810513059298,0.03215445560372124,0.06179464763092498,4.439118567625681,0.05911553979975482,0.5909787056446075,nan,0.5350346984863281,750,3000,0,24.79981255531311,120.96865624725378
78,77,2026-05-26 03:11:33,256,4,19600,3000,19600,3000,cuda,6.103515625e-08,3.0517578125e-08,185.68624782562256,/content/DepthModelWithCues.pth,DepthModelWithCues,train,0.33435529429389504,0.3266365525757476,0.03018553575942749,0.0638182215751814,4.339125980899042,0.05691463097692372,0.557373288997582,0.9886084964004707,0.536069901135503,4900,19600,0,161.05515098571777,121.69744264645165
78,77,2026-05-26 03:11:33,256,4,19600,3000,19600,3000,cuda,6.103515625e-08,3.0517578125e-08,185.68624782562256,/content/DepthModelWithCues.pth,DepthModelWithCues,val,0.3854024729530017,0.3774899738530318,0.03215137024782598,0.061795876131082575,4.440175262212754,0.059110750341787935,0.5909830170869828,nan,0.5350346984863281,750,3000,0,24.62974500656128,121.80394069044605
79,78,2026-05-26 03:14:39,256,4,19600,3000,19600,3000,cuda,3.0517578125e-08,3.0517578125e-08,185.6425383090973,/content/DepthModelWithCues.pth,DepthModelWithCues,train,0.3351493759270833,0.32742452087146895,0.030221717112735674,0.06383194711829099,4.313738024338168,0.0570139278102267,0.5579292478366774,0.9987593173676608,0.536069901135503,4900,19600,0,161.09301662445068,121.66883711472515
79,78,2026-05-26 03:14:39,256,4,19600,3000,19600,3000,cuda,3.0517578125e-08,3.0517578125e-08,185.6425383090973,/content/DepthModelWithCues.pth,DepthModelWithCues,val,0.38540443405508995,0.3774921537339687,0.03214978798137357,0.06179622494243085,4.440757239103317,0.05910851734442015,0.5909833892186482,nan,0.5350346984863281,750,3000,0,24.547942876815796,122.20983302162307
80,79,2026-05-26 03:17:47,256,4,19600,3000,19600,3000,cuda,3.0517578125e-08,1.52587890625e-08,188.20434308052063,/content/DepthModelWithCues.pth,DepthModelWithCues,train,0.3349367209873637,0.3272317663200048,0.030102193978263483,0.06379251147316274,4.297103530685512,0.05685273054160406,0.5578330041224859,0.9789182640916231,0.536069901135503,4900,19600,0,161.23285579681396,121.56331228605147
80,79,2026-05-26 03:17:47,256,4,19600,3000,19600,3000,cuda,3.0517578125e-08,1.52587890625e-08,188.20434308052063,/content/DepthModelWithCues.pth,DepthModelWithCues,val,0.38540468964974084,0.3774923323492209,0.03215045687804619,0.06179576649392644,4.439945126612981,0.05910954681038857,0.5909846647580465,nan,0.5350346984863281,750,3000,0,24.558695554733276,122.15632517264544
81,80,2026-05-26 03:20:55,256,4,19600,3000,19600,3000,cuda,1.52587890625e-08,1.52587890625e-08,187.2697012424469,/content/DepthModelWithCues.pth,DepthModelWithCues,train,0.33561243946607017,0.32790978395361076,0.030065597614549026,0.06385631169144977,4.3633619369657675,0.05693653219327217,0.5582844827917157,0.979329777817641,0.536069901135503,4900,19600,0,162.68518948554993,120.47808446472577
81,80,2026-05-26 03:20:55,256,4,19600,3000,19600,3000,cuda,1.52587890625e-08,1.52587890625e-08,187.2697012424469,/content/DepthModelWithCues.pth,DepthModelWithCues,val,0.38540480968356133,0.37749243197838467,0.032150592809853454,0.06179578122372428,4.439893349726995,0.0591096267948548,0.5909849058389663,nan,0.5350346984863281,750,3000,0,24.58304762840271,122.03531658677935
82,81,2026-05-26 03:24:01,256,4,19600,3000,19600,3000,cuda,1.52587890625e-08,1.52587890625e-08,186.15346097946167,/content/DepthModelWithCues.pth,DepthModelWithCues,train,0.33368190271209697,0.3259962010794148,0.029961568033797858,0.06382932957698952,4.286647729733769,0.05687494317464036,0.557184169864168,0.9773792697322004,0.536069901135503,4900,19600,0,161.82046151161194,121.12188914127859
82,81,2026-05-26 03:24:01,256,4,19600,3000,19600,3000,cuda,1.52587890625e-08,1.52587890625e-08,186.15346097946167,/content/DepthModelWithCues.pth,DepthModelWithCues,val,0.3854054558177789,0.3774930784801642,0.032150544715424376,0.06179592962625126,4.439983449459076,0.059109391721586385,0.5909849301973978,nan,0.5350346984863281,750,3000,0,24.33163833618164,123.29625973187918
83,82,2026-05-26 03:27:07,256,4,19600,3000,19600,3000,cuda,1.52587890625e-08,1.52587890625e-08,186.71275806427002,/content/DepthModelWithCues.pth,DepthModelWithCues,train,0.33500518314540384,0.3273020874784917,0.030063450816134943,0.06387155912593197,4.288844647924511,0.056804148082298285,0.5578605090477029,0.9870906168207222,0.536069901135503,4900,19600,0,161.98775959014893,120.99679660729099
83,82,2026-05-26 03:27:07,256,4,19600,3000,19600,3000,cuda,1.52587890625e-08,1.52587890625e-08,186.71275806427002,/content/DepthModelWithCues.pth,DepthModelWithCues,val,0.3854039267897606,0.3774914641082287,0.03215117204158256,0.061795712700734536,4.439752774477005,0.05911033065617084,0.5909843238194784,nan,0.5350346984863281,750,3000,0,24.723346710205078,121.34279534095954
84,83,2026-05-26 03:30:14,256,4,19600,3000,19600,3000,cuda,1.52587890625e-08,1.52587890625e-08,186.1506597995758,/content/DepthModelWithCues.pth,DepthModelWithCues,train,0.3352519469008762,0.32755961001831657,0.030000192346193885,0.06384615791709713,4.272714838385582,0.056707088583605174,0.5580748336959859,0.9849080097401629,0.536069901135503,4900,19600,0,161.61118292808533,121.27873606816999
84,83,2026-05-26 03:30:14,256,4,19600,3000,19600,3000,cuda,1.52587890625e-08,1.52587890625e-08,186.1506597995758,/content/DepthModelWithCues.pth,DepthModelWithCues,val,0.3854055969615777,0.3774931663175424,0.03215090620641907,0.06179589673442145,4.4398545931180315,0.059109838272755344,0.5909853558937709,nan,0.5350346984863281,750,3000,0,24.537875175476074,122.25997477557856
85,84,2026-05-26 03:33:22,256,4,19600,3000,19600,3000,cuda,1.52587890625e-08,1.52587890625e-08,187.88262128829956,/content/DepthModelWithCues.pth,DepthModelWithCues,train,0.33596630682294465,0.328258337384584,0.03010328678704076,0.06384952418705715,4.34940664721995,0.05688378873224161,0.5584999550909412,0.996412705286425,0.536069901135503,4900,19600,0,160.6836245059967,121.97882678000289
85,84,2026-05-26 03:33:22,256,4,19600,3000,19600,3000,cuda,1.52587890625e-08,1.52587890625e-08,187.88262128829956,/content/DepthModelWithCues.pth,DepthModelWithCues,val,0.3854056468605995,0.37749323456486067,0.03215075605517874,0.061795958836873374,4.439888908147812,0.05910957984812558,0.5909852539698283,nan,0.5350346984863281,750,3000,0,24.7713942527771,121.10743421976228
86,85,2026-05-26 03:36:28,256,4,19600,3000,19600,3000,cuda,1.52587890625e-08,1.52587890625e-08,186.6090178489685,/content/DepthModelWithCues.pth,DepthModelWithCues,train,0.33569186293348974,0.3279836754440045,0.030098216810705597,0.06386909715836031,4.273453722997588,0.05695895292050186,0.5577065673957066,0.9860367898703838,0.536069901135503,4900,19600,0,162.05819249153137,120.94420959942664
86,85,2026-05-26 03:36:28,256,4,19600,3000,19600,3000,cuda,1.52587890625e-08,1.52587890625e-08,186.6090178489685,/content/DepthModelWithCues.pth,DepthModelWithCues,val,0.3854046011666457,0.37749213951826094,0.032151128083467484,0.061795849793280164,4.439645958105723,0.05911013809467355,0.5909849731127421,nan,0.5350346984863281,750,3000,0,24.549139976501465,122.20387365388817
87,86,2026-05-26 03:39:35,256,4,19600,3000,19600,3000,cuda,1.52587890625e-08,1.52587890625e-08,186.91507601737976,/content/DepthModelWithCues.pth,DepthModelWithCues,train,0.33601606661871986,0.328311294145426,0.030083052763971975,0.06384629096189628,4.306134118230975,0.05709206592662222,0.5585378172567913,0.9866118138161849,0.536069901135503,4900,19600,0,161.81798601150513,121.1237420703435
87,86,2026-05-26 03:39:35,256,4,19600,3000,19600,3000,cuda,1.52587890625e-08,1.52587890625e-08,186.91507601737976,/content/DepthModelWithCues.pth,DepthModelWithCues,val,0.38540513638655344,0.3774926256239414,0.032151457796183724,0.061795837606613835,4.439542952299118,0.05911054098978639,0.5909855872790019,nan,0.5350346984863281,750,3000,0,25.09548282623291,119.54342623223124
88,87,2026-05-26 03:42:41,256,4,19600,3000,19600,3000,cuda,1.52587890625e-08,1.52587890625e-08,185.6379315853119,/content/DepthModelWithCues.pth,DepthModelWithCues,train,0.3358121922718627,0.3280869640866104,0.030232823619295898,0.0638060853311944,4.3216498515861375,0.05724744446817975,0.5583283980890196,0.9924082185578894,0.536069901135503,4900,19600,0,161.0314438343048,121.71535902123345
88,87,2026-05-26 03:42:41,256,4,19600,3000,19600,3000,cuda,1.52587890625e-08,1.52587890625e-08,185.6379315853119,/content/DepthModelWithCues.pth,DepthModelWithCues,val,0.38540725472569465,0.3774947949250539,0.032151026994610823,0.061796117487053076,4.439879364013672,0.059109731571748855,0.5909860831101735,nan,0.5350346984863281,750,3000,0,24.604881525039673,121.92702480387834
89,88,2026-05-26 03:45:47,256,4,19600,3000,19600,3000,cuda,1.52587890625e-08,1.52587890625e-08,186.4019811153412,/content/DepthModelWithCues.pth,DepthModelWithCues,train,0.33480489069405867,0.3271041309088469,0.030055665938677836,0.06384819323239772,4.337338867838286,0.05685491631016591,0.5574471865259871,0.9895477338226474,0.536069901135503,4900,19600,0,161.70278072357178,121.21003678660217
89,88,2026-05-26 03:45:47,256,4,19600,3000,19600,3000,cuda,1.52587890625e-08,1.52587890625e-08,186.4019811153412,/content/DepthModelWithCues.pth,DepthModelWithCues,val,0.3854077767431736,0.3774953702092171,0.032150619179631273,0.0617962788939476,4.44001625140508,0.05910915550465385,0.5909860001007716,nan,0.5350346984863281,750,3000,0,24.6978497505188,121.46806423652255
90,89,2026-05-26 03:48:56,256,4,19600,3000,19600,3000,cuda,1.52587890625e-08,1.52587890625e-08,188.7933864593506,/content/DepthModelWithCues.pth,DepthModelWithCues,train,0.33421106147674884,0.32651453881391457,0.030033093653714323,0.06383117086691212,4.296759229709908,0.05684426158338747,0.5570920311249032,0.9785691434494694,0.536069901135503,4900,19600,0,161.7589840888977,121.16792220473177
90,89,2026-05-26 03:48:56,256,4,19600,3000,19600,3000,cuda,1.52587890625e-08,1.52587890625e-08,188.7933864593506,/content/DepthModelWithCues.pth,DepthModelWithCues,val,0.3854071968992551,0.3774947517414888,0.03215085443264494,0.061796334886302554,4.4399863143761955,0.05910934513186415,0.5909856571356455,nan,0.5350346984863281,750,3000,0,24.61801791191101,121.86196349091536
91,90,2026-05-26 03:52:01,256,4,19600,3000,19600,3000,cuda,1.52587890625e-08,1.52587890625e-08,185.22795820236206,/content/DepthModelWithCues.pth,DepthModelWithCues,train,0.3345223090584789,0.32681607100276316,0.030086289251850425,0.06386589135936632,4.277363282819183,0.056943598638659304,0.5576210219762763,0.976080078433971,0.536069901135503,4900,19600,0,160.7043492794037,121.96309613203474
91,90,2026-05-26 03:52:01,256,4,19600,3000,19600,3000,cuda,1.52587890625e-08,1.52587890625e-08,185.22795820236206,/content/DepthModelWithCues.pth,DepthModelWithCues,val,0.3854069206019243,0.37749449081222214,0.03215075872248659,0.06179632937038938,4.44002765583992,0.05910922373831272,0.5909853836695353,nan,0.5350346984863281,750,3000,0,24.522002458572388,122.33911178616907
92,91,2026-05-26 03:55:09,256,4,19600,3000,19600,3000,cuda,1.52587890625e-08,1.52587890625e-08,187.53637790679932,/content/DepthModelWithCues.pth,DepthModelWithCues,train,0.33556738182902335,0.3278578943014145,0.03011935629753624,0.0638316793062211,4.302055152721551,0.05701656977294431,0.5580122492568833,0.9892482986757342,0.536069901135503,4900,19600,0,162.85279273986816,120.35409200079198
92,91,2026-05-26 03:55:09,256,4,19600,3000,19600,3000,cuda,1.52587890625e-08,1.52587890625e-08,187.53637790679932,/content/DepthModelWithCues.pth,DepthModelWithCues,val,0.3854062117636204,0.37749380388855935,0.03215061501599848,0.06179631273324291,4.439999715725581,0.05910904555954039,0.5909849463303883,nan,0.5350346984863281,750,3000,0,24.68205237388611,121.5458080452837
93,92,2026-05-26 03:58:16,256,4,19600,3000,19600,3000,cuda,1.52587890625e-08,1.52587890625e-08,186.78721952438354,/content/DepthModelWithCues.pth,DepthModelWithCues,train,0.3350687378006322,0.3273703200005147,0.030042830946741206,0.06383986357295392,4.305241226079513,0.056739894761323774,0.5576987483975838,0.9930027498593744,0.536069901135503,4900,19600,0,161.76637744903564,121.162384353788
93,92,2026-05-26 03:58:16,256,4,19600,3000,19600,3000,cuda,1.52587890625e-08,1.52587890625e-08,186.78721952438354,/content/DepthModelWithCues.pth,DepthModelWithCues,val,0.38540685993433,0.3774944184819857,0.03215083625415961,0.061796314323941864,4.439954310655594,0.05910923653220137,0.5909854453404745,nan,0.5350346984863281,750,3000,0,25.01931357383728,119.90736640900903
94,93,2026-05-26 04:01:23,256,4,19600,3000,19600,3000,cuda,1.52587890625e-08,1.52587890625e-08,186.99084329605103,/content/DepthModelWithCues.pth,DepthModelWithCues,train,0.3347501314902792,0.32703855286143263,0.030128283228639665,0.06384672243461698,4.3138408510599815,0.05691072253871481,0.5578813710747933,0.9784310977495446,0.536069901135503,4900,19600,0,162.25587224960327,120.79686071298984
94,93,2026-05-26 04:01:23,256,4,19600,3000,19600,3000,cuda,1.52587890625e-08,1.52587890625e-08,186.99084329605103,/content/DepthModelWithCues.pth,DepthModelWithCues,val,0.3854072955846787,0.37749487310647967,0.03215063467466583,0.06179654656971494,4.440160119930903,0.0591087453328073,0.5909853332440058,nan,0.5350346984863281,750,3000,0,24.733581066131592,121.29258565424587
95,94,2026-05-26 04:04:32,256,4,19600,3000,19600,3000,cuda,1.52587890625e-08,1.52587890625e-08,189.22727966308594,/content/DepthModelWithCues.pth,DepthModelWithCues,train,0.33480275332927706,0.32709555864182055,0.030106377362188103,0.06382475199795574,4.303165384883783,0.05685875052652721,0.5574772023911378,0.984828795232639,0.536069901135503,4900,19600,0,161.7411653995514,121.18127102387234
95,94,2026-05-26 04:04:32,256,4,19600,3000,19600,3000,cuda,1.52587890625e-08,1.52587890625e-08,189.22727966308594,/content/DepthModelWithCues.pth,DepthModelWithCues,val,0.38540790673096975,0.3774955285688241,0.03215037828497588,0.06179642025381327,4.440022538661957,0.059108422922591365,0.5909861593643825,nan,0.5350346984863281,750,3000,0,24.65668749809265,121.67084488668921
96,95,2026-05-26 04:07:39,256,4,19600,3000,19600,3000,cuda,1.52587890625e-08,1.52587890625e-08,187.02406215667725,/content/DepthModelWithCues.pth,DepthModelWithCues,train,0.334602283488731,0.326922000366054,0.029928372565713922,0.063820542014318,4.316434640586376,0.05681838078481354,0.5578969804273576,0.971802030455093,0.536069901135503,4900,19600,0,162.27735900878906,120.78086628793638
96,95,2026-05-26 04:07:39,256,4,19600,3000,19600,3000,cuda,1.52587890625e-08,1.52587890625e-08,187.02406215667725,/content/DepthModelWithCues.pth,DepthModelWithCues,val,0.38540737875302633,0.3774950316349665,0.03215009500427792,0.06179666950491568,4.44026379497846,0.05910789100515346,0.5909851472377777,nan,0.5350346984863281,750,3000,0,24.74522042274475,121.23553351913277
97,96,2026-05-26 04:10:47,256,4,19600,3000,19600,3000,cuda,1.52587890625e-08,1.52587890625e-08,187.87812542915344,/content/DepthModelWithCues.pth,DepthModelWithCues,train,0.3346582578761237,0.326956670297956,0.030066751620437645,0.06383149817704736,4.303665582501158,0.05692552620302696,0.5580056570744027,0.9815323965661988,0.536069901135503,4900,19600,0,162.67953181266785,120.48227445460198
97,96,2026-05-26 04:10:47,256,4,19600,3000,19600,3000,cuda,1.52587890625e-08,1.52587890625e-08,187.87812542915344,/content/DepthModelWithCues.pth,DepthModelWithCues,val,0.38540709072351453,0.3774947157303492,0.03215023956882457,0.06179678869868318,4.4403884521325425,0.05910798561076323,0.5909846205711364,nan,0.5350346984863281,750,3000,0,25.197043895721436,119.06158565328423
98,97,2026-05-26 04:13:55,256,4,19600,3000,19600,3000,cuda,1.52587890625e-08,1.52587890625e-08,188.04817605018616,/content/DepthModelWithCues.pth,DepthModelWithCues,train,0.3351445543446711,0.3274484724703492,0.030031073404552074,0.06382841357262806,4.337030138531509,0.05683960358274873,0.557580353039868,0.9798112076444894,0.536069901135503,4900,19600,0,163.2140247821808,120.08771933758396
98,97,2026-05-26 04:13:55,256,4,19600,3000,19600,3000,cuda,1.52587890625e-08,1.52587890625e-08,188.04817605018616,/content/DepthModelWithCues.pth,DepthModelWithCues,val,0.38540759845574696,0.37749523257215817,0.03215009698333839,0.06179701296798885,4.44059180688858,0.059107652390996614,0.5909844830830892,nan,0.5350346984863281,750,3000,0,24.832540035247803,120.80922836494938
99,98,2026-05-26 04:17:03,256,4,19600,3000,19600,3000,cuda,1.52587890625e-08,1.52587890625e-08,188.49938297271729,/content/DepthModelWithCues.pth,DepthModelWithCues,train,0.33556293916945557,0.32785583006180063,0.03009321386726307,0.06386253734033707,4.344039592925383,0.05718022534889834,0.5586677436804285,0.9922436039164967,0.536069901135503,4900,19600,0,163.5018711090088,119.87630396555174
99,98,2026-05-26 04:17:03,256,4,19600,3000,19600,3000,cuda,1.52587890625e-08,1.52587890625e-08,188.49938297271729,/content/DepthModelWithCues.pth,DepthModelWithCues,val,0.3854080158074697,0.37749563026428223,0.03215014085018386,0.061797271880010766,4.440774104913076,0.05910747842428585,0.5909844133853912,nan,0.5350346984863281,750,3000,0,24.995927810668945,120.01954969319114
100,99,2026-05-26 04:20:14,256,4,19600,3000,19600,3000,cuda,1.52587890625e-08,1.52587890625e-08,190.75849056243896,/content/DepthModelWithCues.pth,DepthModelWithCues,train,0.3355337290207342,0.3278271017238802,0.030106813757186185,0.06381210042011677,4.298697426422518,0.05683802075836123,0.5581905358543201,0.9891473533942992,0.536069901135503,4900,19600,0,163.10624146461487,120.1670753001327
100,99,2026-05-26 04:20:14,256,4,19600,3000,19600,3000,cuda,1.52587890625e-08,1.52587890625e-08,190.75849056243896,/content/DepthModelWithCues.pth,DepthModelWithCues,val,0.38540635679165525,0.37749391226967177,0.03215057702952375,0.061797172830129664,4.4406367981433865,0.059107967027152576,0.5909835716088613,nan,0.5350346984863281,750,3000,0,25.20106267929077,119.04259904346337
