epoch,epoch_index_zero_based,timestamp,img_size,batch_size,max_train_samples,max_val_samples,train_dataset_size,val_dataset_size,device,lr,epoch_elapsed_sec,checkpoint_path,phase,loss,abs_rel,rmse,si_rmse,valid_pixel_fraction,n_batches,n_samples,elapsed_sec,samples_per_sec
1,0,2026-05-24 22:48:11,128,8,3000,500,3000,500,cuda,0.001,52.5155143737793,/content/model_checkpoint.pt,train,1.5868786409695943,8.754048621813457,0.18716480022668838,1.1501503033638,0.539487060546875,375,3000,45.55531311035156,65.85400900950691
1,0,2026-05-24 22:48:11,128,8,3000,500,3000,500,cuda,0.001,52.5155143737793,/content/model_checkpoint.pt,val,1.5637926000451285,9.110494324139186,0.19225541247971475,1.1711295247077942,0.5110517578125,63,500,6.959710121154785,71.84207262888671
2,1,2026-05-24 22:49:02,128,8,3000,500,3000,500,cuda,0.001,50.95171499252319,/content/model_checkpoint.pt,train,1.4417682049274445,6.411859045346578,0.17805668458342552,1.126692348798116,0.539487060546875,375,3000,43.9183509349823,68.30857571226358
2,1,2026-05-24 22:49:02,128,8,3000,500,3000,500,cuda,0.001,50.95171499252319,/content/model_checkpoint.pt,val,1.520830967596599,5.722989680275084,0.19783691526760186,1.1624053366600522,0.5110517578125,63,500,7.032948017120361,71.09394222491707
3,2,2026-05-24 22:49:52,128,8,3000,500,3000,500,cuda,0.001,50.71056151390076,/content/model_checkpoint.pt,train,1.4315589389006296,6.266130409558614,0.18012577579915523,1.1253484360376993,0.539487060546875,375,3000,43.77846026420593,68.52685046241461
3,2,2026-05-24 22:49:52,128,8,3000,500,3000,500,cuda,0.001,50.71056151390076,/content/model_checkpoint.pt,val,1.508231214114598,8.204402571632748,0.19154564418371708,1.1556873472910079,0.5110517578125,63,500,6.9316651821136475,72.13273966119881
4,3,2026-05-24 22:50:43,128,8,3000,500,3000,500,cuda,0.001,50.708598613739014,/content/model_checkpoint.pt,train,1.420665392478307,6.250814801375071,0.17612846653163433,1.1185601243972778,0.539487060546875,375,3000,43.6875684261322,68.66942034259606
4,3,2026-05-24 22:50:43,128,8,3000,500,3000,500,cuda,0.001,50.708598613739014,/content/model_checkpoint.pt,val,1.5279869517636677,5.280407160047501,0.19895548645466093,1.1571564182402596,0.5110517578125,63,500,7.020593881607056,71.21904619920089
5,4,2026-05-24 22:51:34,128,8,3000,500,3000,500,cuda,0.001,50.74240064620972,/content/model_checkpoint.pt,train,1.4177297491232554,6.210006196339926,0.17720032493273416,1.1165435899098715,0.539487060546875,375,3000,43.774346351623535,68.53329061505755
5,4,2026-05-24 22:51:34,128,8,3000,500,3000,500,cuda,0.001,50.74240064620972,/content/model_checkpoint.pt,val,1.4989342102928767,7.987959343289572,0.19145226162222642,1.1539411033902849,0.5110517578125,63,500,6.967602014541626,71.76070030355963
6,5,2026-05-24 22:52:25,128,8,3000,500,3000,500,cuda,0.001,50.69993710517883,/content/model_checkpoint.pt,train,1.4088940203587215,6.0392286545435585,0.17794676040609678,1.1127198530832927,0.539487060546875,375,3000,43.755131244659424,68.56338707397131
6,5,2026-05-24 22:52:25,128,8,3000,500,3000,500,cuda,0.001,50.69993710517883,/content/model_checkpoint.pt,val,1.473787820528424,7.104718919784304,0.19268609311372514,1.1490389742548504,0.5110517578125,63,500,6.944246530532837,72.00205202991758
7,6,2026-05-24 22:53:15,128,8,3000,500,3000,500,cuda,0.001,50.61476516723633,/content/model_checkpoint.pt,train,1.4035877486069996,6.10196134185791,0.17617763462165992,1.1078672819137574,0.539487060546875,375,3000,43.643622636795044,68.73856519579476
7,6,2026-05-24 22:53:15,128,8,3000,500,3000,500,cuda,0.001,50.61476516723633,/content/model_checkpoint.pt,val,1.4787936267398654,6.020794754936581,0.1958598799057423,1.1489098781631106,0.5110517578125,63,500,6.970726251602173,71.72853759464138
8,7,2026-05-24 22:54:06,128,8,3000,500,3000,500,cuda,0.001,50.70342564582825,/content/model_checkpoint.pt,train,1.3983552160263062,6.0333503192265825,0.17750850297013918,1.105836618900299,0.539487060546875,375,3000,43.76263356208801,68.55163311284193
8,7,2026-05-24 22:54:06,128,8,3000,500,3000,500,cuda,0.001,50.70342564582825,/content/model_checkpoint.pt,val,1.4603944435006095,6.670290080327836,0.19320355252259308,1.144835010407463,0.5110517578125,63,500,6.94025444984436,72.04346809088719
9,8,2026-05-24 22:54:56,128,8,3000,500,3000,500,cuda,0.001,50.37959408760071,/content/model_checkpoint.pt,train,1.4074559316635131,6.10183451016744,0.17659955512483916,1.1148576634724936,0.539487060546875,375,3000,43.48133683204651,68.99511879287363
9,8,2026-05-24 22:54:56,128,8,3000,500,3000,500,cuda,0.001,50.37959408760071,/content/model_checkpoint.pt,val,1.5098341353355893,5.073665660525125,0.19895994808110926,1.1466940461643158,0.5110517578125,63,500,6.8978166580200195,72.48670482110528
10,9,2026-05-24 22:55:47,128,8,3000,500,3000,500,cuda,0.001,50.474666357040405,/content/model_checkpoint.pt,train,1.383525594552358,6.006935680389405,0.17505829796691735,1.104785000483195,0.539487060546875,375,3000,43.551963090896606,68.88323251327955
10,9,2026-05-24 22:55:47,128,8,3000,500,3000,500,cuda,0.001,50.474666357040405,/content/model_checkpoint.pt,val,1.4479375547832913,6.975971021349468,0.1917572890718778,1.139969525829194,0.5110517578125,63,500,6.922286748886108,72.23046633837538
11,10,2026-05-24 22:56:37,128,8,3000,500,3000,500,cuda,0.001,50.55378198623657,/content/model_checkpoint.pt,train,1.3676634565989176,6.05818971602122,0.1746335339943568,1.0975771910349528,0.539487060546875,375,3000,43.5891387462616,68.82448440799473
11,10,2026-05-24 22:56:37,128,8,3000,500,3000,500,cuda,0.001,50.55378198623657,/content/model_checkpoint.pt,val,1.478271120124393,4.164189460731688,0.19809189888219986,1.1070901600141374,0.5110517578125,63,500,6.964165925979614,71.79610671462677
12,11,2026-05-24 22:57:28,128,8,3000,500,3000,500,cuda,0.001,50.48487377166748,/content/model_checkpoint.pt,train,1.298914110660553,5.966100004990896,0.17070756099124748,1.0691145785649618,0.539487060546875,375,3000,43.55764555931091,68.87424610485444
12,11,2026-05-24 22:57:28,128,8,3000,500,3000,500,cuda,0.001,50.48487377166748,/content/model_checkpoint.pt,val,1.3511499672655076,7.600547728084383,0.18077890078226724,1.0996236876835899,0.5110517578125,63,500,6.926703929901123,72.18440474142474
13,12,2026-05-24 22:58:19,128,8,3000,500,3000,500,cuda,0.001,50.620986223220825,/content/model_checkpoint.pt,train,1.2878505211671194,5.917386438369751,0.16780936135351657,1.0738387571970622,0.539487060546875,375,3000,43.647356271743774,68.73268523578658
13,12,2026-05-24 22:58:19,128,8,3000,500,3000,500,cuda,0.001,50.620986223220825,/content/model_checkpoint.pt,val,1.2799400247278667,6.939528891018459,0.17320868893275185,1.075754289589231,0.5110517578125,63,500,6.973189353942871,71.7032013073449
14,13,2026-05-24 22:59:09,128,8,3000,500,3000,500,cuda,0.001,50.484023094177246,/content/model_checkpoint.pt,train,1.2433050220807393,5.956337166468303,0.16091589425007502,1.0536769572893778,0.539487060546875,375,3000,43.545210123062134,68.89391488803861
14,13,2026-05-24 22:59:09,128,8,3000,500,3000,500,cuda,0.001,50.484023094177246,/content/model_checkpoint.pt,val,1.4553184452511014,8.003251164678543,0.1896113923322114,1.1375318756179205,0.5110517578125,63,500,6.938408613204956,72.06263393718497
15,14,2026-05-24 23:00:00,128,8,3000,500,3000,500,cuda,0.001,50.561967611312866,/content/model_checkpoint.pt,train,1.2532126030127206,5.87598777071635,0.16388518522183101,1.0532417109807333,0.539487060546875,375,3000,43.61120271682739,68.78966442359659
15,14,2026-05-24 23:00:00,128,8,3000,500,3000,500,cuda,0.001,50.561967611312866,/content/model_checkpoint.pt,val,1.2902794593856448,4.665356006887224,0.17791266015006435,1.0547944931756883,0.5110517578125,63,500,6.950336217880249,71.93896587530735
16,15,2026-05-24 23:00:50,128,8,3000,500,3000,500,cuda,0.001,50.34070324897766,/content/model_checkpoint.pt,train,1.2031343812942505,5.716887195905049,0.15728384287655353,1.0401283667882284,0.539487060546875,375,3000,43.4273726940155,69.08085416858327
16,15,2026-05-24 23:00:50,128,8,3000,500,3000,500,cuda,0.001,50.34070324897766,/content/model_checkpoint.pt,val,1.3110780427380213,5.2752420296744695,0.18455195763990992,1.079147441992684,0.5110517578125,63,500,6.91291069984436,72.32843323308909
17,16,2026-05-24 23:01:41,128,8,3000,500,3000,500,cuda,0.001,50.527374505996704,/content/model_checkpoint.pt,train,1.1819935366312664,5.833475900967916,0.15347220348815124,1.0265654203097025,0.539487060546875,375,3000,43.55406904220581,68.87990183174087
17,16,2026-05-24 23:01:41,128,8,3000,500,3000,500,cuda,0.001,50.527374505996704,/content/model_checkpoint.pt,val,1.1858513345794073,6.737889429879567,0.16047414817980357,1.0409931455339705,0.5110517578125,63,500,6.972890377044678,71.7062757283609
18,17,2026-05-24 23:02:31,128,8,3000,500,3000,500,cuda,0.001,50.48103189468384,/content/model_checkpoint.pt,train,1.1804875153700511,5.739752572059631,0.1538871213098367,1.0327237157821656,0.539487060546875,375,3000,43.49128437042236,68.9793378932779
18,17,2026-05-24 23:02:31,128,8,3000,500,3000,500,cuda,0.001,50.48103189468384,/content/model_checkpoint.pt,val,1.188373182028059,5.508820420219784,0.17041671151916185,1.0357478819196186,0.5110517578125,63,500,6.989325046539307,71.53766589344274
19,18,2026-05-24 23:03:22,128,8,3000,500,3000,500,cuda,0.001,50.48651146888733,/content/model_checkpoint.pt,train,1.163948399066925,5.815532814025879,0.15184192064901192,1.0152765452067056,0.539487060546875,375,3000,43.57011151313782,68.85454032164691
19,18,2026-05-24 23:03:22,128,8,3000,500,3000,500,cuda,0.001,50.48651146888733,/content/model_checkpoint.pt,val,1.1403132431090823,6.569772646540687,0.16162947201657862,1.0166792831723652,0.5110517578125,63,500,6.915981769561768,72.29631549935138
20,19,2026-05-24 23:04:12,128,8,3000,500,3000,500,cuda,0.001,50.58033752441406,/content/model_checkpoint.pt,train,1.1493556932608286,5.876627151171366,0.15087989400327206,1.0105217804908753,0.539487060546875,375,3000,43.652302980422974,68.72489640112296
20,19,2026-05-24 23:04:12,128,8,3000,500,3000,500,cuda,0.001,50.58033752441406,/content/model_checkpoint.pt,val,1.1153888182034568,6.702663060218569,0.14848068043116538,1.0086780654059515,0.5110517578125,63,500,6.927614212036133,72.17491977704144
21,20,2026-05-24 23:05:03,128,8,3000,500,3000,500,cuda,0.001,50.5460262298584,/content/model_checkpoint.pt,train,1.1087893398602804,5.8432722458839415,0.14694078545272352,1.0005592567125956,0.539487060546875,375,3000,43.593159914016724,68.81813582491402
21,20,2026-05-24 23:05:03,128,8,3000,500,3000,500,cuda,0.001,50.5460262298584,/content/model_checkpoint.pt,val,1.1127986387600974,6.131420315258087,0.14836966819942943,1.0078564920122661,0.5110517578125,63,500,6.952330827713013,71.91832672963814
22,21,2026-05-24 23:05:53,128,8,3000,500,3000,500,cuda,0.001,50.59658145904541,/content/model_checkpoint.pt,train,1.121282689968745,5.807193364461263,0.14458413657546043,1.0065101051330567,0.539487060546875,375,3000,43.71778154373169,68.62196328510049
22,21,2026-05-24 23:05:53,128,8,3000,500,3000,500,cuda,0.001,50.59658145904541,/content/model_checkpoint.pt,val,1.1298571058682032,5.474661187520103,0.15583589844523915,1.010648821081434,0.5110517578125,63,500,6.878368854522705,72.69165271229052
23,22,2026-05-24 23:06:44,128,8,3000,500,3000,500,cuda,0.001,50.45980882644653,/content/model_checkpoint.pt,train,1.100848435163498,5.939612899144491,0.1454418128778537,0.9928572818438212,0.539487060546875,375,3000,43.58653378486633,68.82859772257525
23,22,2026-05-24 23:06:44,128,8,3000,500,3000,500,cuda,0.001,50.45980882644653,/content/model_checkpoint.pt,val,1.315801059442853,6.068652431170146,0.18094449440046909,1.0854119185417417,0.5110517578125,63,500,6.872737407684326,72.75121546779249
24,23,2026-05-24 23:07:34,128,8,3000,500,3000,500,cuda,0.001,50.503634214401245,/content/model_checkpoint.pt,train,1.0847737873395285,5.886415944099427,0.14343196458617846,0.98412842019399,0.539487060546875,375,3000,43.667876958847046,68.70038593420111
24,23,2026-05-24 23:07:34,128,8,3000,500,3000,500,cuda,0.001,50.503634214401245,/content/model_checkpoint.pt,val,1.1213101962256053,4.921134148325239,0.15253269202297642,0.994549552599589,0.5110517578125,63,500,6.835350275039673,73.14914084590902
25,24,2026-05-24 23:08:25,128,8,3000,500,3000,500,cuda,0.001,50.37409782409668,/content/model_checkpoint.pt,train,1.0799947854677836,5.683116100629171,0.1399505749096473,0.9824298575719198,0.539487060546875,375,3000,43.52267050743103,68.92959381910589
25,24,2026-05-24 23:08:25,128,8,3000,500,3000,500,cuda,0.001,50.37409782409668,/content/model_checkpoint.pt,val,1.0587037787550972,6.870028543093848,0.14107178899622153,0.9846751434462411,0.5110517578125,63,500,6.850985288619995,72.982203133692
26,25,2026-05-24 23:09:15,128,8,3000,500,3000,500,cuda,0.001,50.35394096374512,/content/model_checkpoint.pt,train,1.0764935564994813,5.867628330389659,0.14209347517291704,0.9842224699656169,0.539487060546875,375,3000,43.55038380622864,68.88573045298709
26,25,2026-05-24 23:09:15,128,8,3000,500,3000,500,cuda,0.001,50.35394096374512,/content/model_checkpoint.pt,val,1.1097823386154477,6.524880155684456,0.1492465545260717,1.0070909838827828,0.5110517578125,63,500,6.80315089225769,73.4953564779849
27,26,2026-05-24 23:10:06,128,8,3000,500,3000,500,cuda,0.001,50.75726079940796,/content/model_checkpoint.pt,train,1.0644033646583557,5.740549478530884,0.1406540800879399,0.9781608440081279,0.539487060546875,375,3000,43.857057094573975,68.40404255877812
27,26,2026-05-24 23:10:06,128,8,3000,500,3000,500,cuda,0.001,50.75726079940796,/content/model_checkpoint.pt,val,1.1608495830543457,4.46117039994588,0.16491989220773418,1.0002291798591614,0.5110517578125,63,500,6.8997719287872314,72.4661633979378
28,27,2026-05-24 23:10:56,128,8,3000,500,3000,500,cuda,0.001,50.52108359336853,/content/model_checkpoint.pt,train,1.0553664781252543,5.722124475479126,0.13855799586574236,0.9751403878529866,0.539487060546875,375,3000,43.62617874145508,68.76605026030616
28,27,2026-05-24 23:10:56,128,8,3000,500,3000,500,cuda,0.001,50.52108359336853,/content/model_checkpoint.pt,val,1.0618590220572457,7.5903062669057695,0.13914381621021127,0.9786182490606157,0.5110517578125,63,500,6.894482851028442,72.52175555493848
29,28,2026-05-24 23:11:47,128,8,3000,500,3000,500,cuda,0.001,50.498589277267456,/content/model_checkpoint.pt,train,1.0469710138638815,5.7593508157730104,0.13904489730795225,0.9752908724149069,0.539487060546875,375,3000,43.59563374519348,68.8142307446272
29,28,2026-05-24 23:11:47,128,8,3000,500,3000,500,cuda,0.001,50.498589277267456,/content/model_checkpoint.pt,val,1.1120645015958757,4.441849792760516,0.1536100214672467,0.9819137728403485,0.5110517578125,63,500,6.90253210067749,72.43718576128383
30,29,2026-05-24 23:12:37,128,8,3000,500,3000,500,cuda,0.001,50.39079189300537,/content/model_checkpoint.pt,train,1.0284683984915415,5.656680959383647,0.13535350199540455,0.962116417725881,0.539487060546875,375,3000,43.420374631881714,69.09198793041341
30,29,2026-05-24 23:12:37,128,8,3000,500,3000,500,cuda,0.001,50.39079189300537,/content/model_checkpoint.pt,val,1.0578300702193426,7.048982349653093,0.14158370289655905,0.9766517877578735,0.5110517578125,63,500,6.970016717910767,71.7358394155865
31,30,2026-05-24 23:13:28,128,8,3000,500,3000,500,cuda,0.001,50.499199628829956,/content/model_checkpoint.pt,train,1.0196831342379251,5.733745705922445,0.13732999064524967,0.9579239950180054,0.539487060546875,375,3000,43.53746438026428,68.90617179258406
31,30,2026-05-24 23:13:28,128,8,3000,500,3000,500,cuda,0.001,50.499199628829956,/content/model_checkpoint.pt,val,1.050962730059548,5.866172557785397,0.14284372903288356,0.9805227499159556,0.5110517578125,63,500,6.961325168609619,71.82540506147117
32,31,2026-05-24 23:14:19,128,8,3000,500,3000,500,cuda,0.001,50.83120584487915,/content/model_checkpoint.pt,train,1.0024099090099334,5.727295038223267,0.13356018976370493,0.9527579738299052,0.539487060546875,375,3000,43.81104135513306,68.47588889024455
32,31,2026-05-24 23:14:19,128,8,3000,500,3000,500,cuda,0.001,50.83120584487915,/content/model_checkpoint.pt,val,1.0244963481312706,7.244500760048155,0.13670474548070205,0.9611528771264213,0.5110517578125,63,500,7.019613265991211,71.22899525283135
33,32,2026-05-24 23:15:09,128,8,3000,500,3000,500,cuda,0.001,50.455352783203125,/content/model_checkpoint.pt,train,1.0126771203676859,5.819738546689352,0.13471394434571266,0.9559615360895792,0.539487060546875,375,3000,43.51034355163574,68.94912232627539
33,32,2026-05-24 23:15:09,128,8,3000,500,3000,500,cuda,0.001,50.455352783203125,/content/model_checkpoint.pt,val,1.0481472048494551,7.610668891952152,0.13922322798697723,0.9678364235257345,0.5110517578125,63,500,6.944584369659424,71.99854928460189
34,33,2026-05-24 23:16:00,128,8,3000,500,3000,500,cuda,0.001,50.531686782836914,/content/model_checkpoint.pt,train,0.9897590524355571,5.85756355603536,0.13240611301362515,0.9494432183901469,0.539487060546875,375,3000,43.56922507286072,68.85594120581916
34,33,2026-05-24 23:16:00,128,8,3000,500,3000,500,cuda,0.001,50.531686782836914,/content/model_checkpoint.pt,val,1.0080496862767234,6.13404767664652,0.14257769851339241,0.9655344930906145,0.5110517578125,63,500,6.9620373249053955,71.81805794280115
35,34,2026-05-24 23:16:50,128,8,3000,500,3000,500,cuda,0.001,50.4796507358551,/content/model_checkpoint.pt,train,0.9732543164889018,5.726984617869059,0.1320968856116136,0.9381486875216166,0.539487060546875,375,3000,43.52203011512756,68.93060806364471
35,34,2026-05-24 23:16:50,128,8,3000,500,3000,500,cuda,0.001,50.4796507358551,/content/model_checkpoint.pt,val,1.031483086328658,6.710917366875543,0.14617603893081346,0.971118776571183,0.5110517578125,63,500,6.957178115844727,71.8682189350978
36,35,2026-05-24 23:17:41,128,8,3000,500,3000,500,cuda,0.001,50.46805286407471,/content/model_checkpoint.pt,train,0.9798317252794901,5.799902199745178,0.13451654758801063,0.9443658165931702,0.539487060546875,375,3000,43.554492473602295,68.8792321898425
36,35,2026-05-24 23:17:41,128,8,3000,500,3000,500,cuda,0.001,50.46805286407471,/content/model_checkpoint.pt,val,1.0678148231809101,4.953581183675736,0.14878636329538292,0.9756448221585107,0.5110517578125,63,500,6.913114786148071,72.32629798102857
37,36,2026-05-24 23:18:31,128,8,3000,500,3000,500,cuda,0.001,50.51953840255737,/content/model_checkpoint.pt,train,0.9721194434960683,5.624302940368652,0.13222748545805613,0.9374013667106629,0.539487060546875,375,3000,43.59902811050415,68.80887327112737
37,36,2026-05-24 23:18:31,128,8,3000,500,3000,500,cuda,0.001,50.51953840255737,/content/model_checkpoint.pt,val,0.9645088404890091,6.432153187100849,0.13670248529385953,0.9428794393463741,0.5110517578125,63,500,6.920092821121216,72.2533660927092
38,37,2026-05-24 23:19:22,128,8,3000,500,3000,500,cuda,0.001,50.42302942276001,/content/model_checkpoint.pt,train,0.9581010861396789,5.64968430964152,0.13070726251602172,0.9319218152364095,0.539487060546875,375,3000,43.577513217926025,68.84284527658457
38,37,2026-05-24 23:19:22,128,8,3000,500,3000,500,cuda,0.001,50.42302942276001,/content/model_checkpoint.pt,val,0.9690551630088261,5.5101180757795065,0.13931790461379384,0.9426670036618672,0.5110517578125,63,500,6.845104217529297,73.0449068576011
39,38,2026-05-24 23:20:12,128,8,3000,500,3000,500,cuda,0.001,50.46173024177551,/content/model_checkpoint.pt,train,0.9601247597535452,5.745807000001272,0.1306802461743355,0.9286688768068949,0.539487060546875,375,3000,43.61357355117798,68.78592501666196
39,38,2026-05-24 23:20:12,128,8,3000,500,3000,500,cuda,0.001,50.46173024177551,/content/model_checkpoint.pt,val,1.0477735447505163,4.526182072503226,0.15049538743637858,0.955280725918119,0.5110517578125,63,500,6.847619533538818,73.01807548609557
40,39,2026-05-24 23:21:03,128,8,3000,500,3000,500,cuda,0.001,50.55824613571167,/content/model_checkpoint.pt,train,0.9536283253033956,5.629883674144745,0.1296707632392645,0.9288665976524353,0.539487060546875,375,3000,43.70334315299988,68.64463410722102
40,39,2026-05-24 23:21:03,128,8,3000,500,3000,500,cuda,0.001,50.55824613571167,/content/model_checkpoint.pt,val,0.9669697771942805,6.298199392500377,0.1365752788408408,0.9436382405341618,0.5110517578125,63,500,6.854358673095703,72.94628481619564
41,40,2026-05-24 23:21:53,128,8,3000,500,3000,500,cuda,0.001,50.45043921470642,/content/model_checkpoint.pt,train,0.937000849644343,5.718174819946289,0.1294958730911215,0.9193789772987365,0.539487060546875,375,3000,43.57025980949402,68.85430596735381
41,40,2026-05-24 23:21:53,128,8,3000,500,3000,500,cuda,0.001,50.45043921470642,/content/model_checkpoint.pt,val,0.9772328374877809,5.205044797488621,0.1459930254116891,0.9439687340978592,0.5110517578125,63,500,6.879759073257446,72.67696363722497
42,41,2026-05-24 23:22:44,128,8,3000,500,3000,500,cuda,0.001,50.49922180175781,/content/model_checkpoint.pt,train,0.915041023015976,5.586492038408915,0.12619251419603825,0.9130167721112569,0.539487060546875,375,3000,43.642881631851196,68.73973229601222
42,41,2026-05-24 23:22:44,128,8,3000,500,3000,500,cuda,0.001,50.49922180175781,/content/model_checkpoint.pt,val,1.0314883424176111,5.377629569598606,0.14932459684473182,0.965917518214574,0.5110517578125,63,500,6.85592794418335,72.92958795230716
43,42,2026-05-24 23:23:34,128,8,3000,500,3000,500,cuda,0.001,50.41514539718628,/content/model_checkpoint.pt,train,0.9234717951615652,5.499027890364329,0.1275140174875657,0.9204904009501139,0.539487060546875,375,3000,43.54953408241272,68.88707452811846
43,42,2026-05-24 23:23:34,128,8,3000,500,3000,500,cuda,0.001,50.41514539718628,/content/model_checkpoint.pt,val,0.9763840999868181,6.064218753860111,0.13868832948898513,0.947937874566941,0.5110517578125,63,500,6.865190505981445,72.83119085542698
44,43,2026-05-24 23:24:24,128,8,3000,500,3000,500,cuda,0.001,50.527780532836914,/content/model_checkpoint.pt,train,0.8962260060310364,5.536621445655823,0.12511266314983369,0.9046854135195415,0.539487060546875,375,3000,43.67848253250122,68.68370479143124
44,43,2026-05-24 23:24:24,128,8,3000,500,3000,500,cuda,0.001,50.527780532836914,/content/model_checkpoint.pt,val,0.9450473827975137,5.58909169075981,0.13837402559343784,0.931472969433618,0.5110517578125,63,500,6.848885536193848,73.00457824235541
45,44,2026-05-24 23:25:15,128,8,3000,500,3000,500,cuda,0.001,50.469969511032104,/content/model_checkpoint.pt,train,0.8935110061963399,5.5642911901474,0.12616551704704762,0.9063618106842041,0.539487060546875,375,3000,43.5867760181427,68.82821520800874
45,44,2026-05-24 23:25:15,128,8,3000,500,3000,500,cuda,0.001,50.469969511032104,/content/model_checkpoint.pt,val,0.9548056702765207,6.447675994464329,0.13534685942743505,0.9323452124519954,0.5110517578125,63,500,6.88275933265686,72.64528306657958
46,45,2026-05-24 23:26:06,128,8,3000,500,3000,500,cuda,0.001,50.59552216529846,/content/model_checkpoint.pt,train,0.8902337413628896,5.595761468887329,0.12518079459667206,0.899447321097056,0.539487060546875,375,3000,43.650585651397705,68.72760021958466
46,45,2026-05-24 23:26:06,128,8,3000,500,3000,500,cuda,0.001,50.59552216529846,/content/model_checkpoint.pt,val,1.0098774825769758,5.246476688082256,0.15189299977842777,0.9553524151680961,0.5110517578125,63,500,6.944515943527222,71.99925870514204
47,46,2026-05-24 23:26:56,128,8,3000,500,3000,500,cuda,0.001,50.63725686073303,/content/model_checkpoint.pt,train,0.8744486243724823,5.472773084958394,0.12335026463866233,0.893510182539622,0.539487060546875,375,3000,43.65963912010193,68.71334854022486
47,46,2026-05-24 23:26:56,128,8,3000,500,3000,500,cuda,0.001,50.63725686073303,/content/model_checkpoint.pt,val,0.9973858225913275,4.624218596352471,0.14234985765956698,0.9414249138226585,0.5110517578125,63,500,6.977196216583252,71.66202360937056
48,47,2026-05-24 23:27:47,128,8,3000,500,3000,500,cuda,0.001,50.649195432662964,/content/model_checkpoint.pt,train,0.8766080057621002,5.363236958185832,0.12341826597849528,0.8917931315104166,0.539487060546875,375,3000,43.67570734024048,68.68806901350305
48,47,2026-05-24 23:27:47,128,8,3000,500,3000,500,cuda,0.001,50.649195432662964,/content/model_checkpoint.pt,val,0.9699349630446661,6.675685358425928,0.1368515155322495,0.9354281548469786,0.5110517578125,63,500,6.973062038421631,71.70451047832297
49,48,2026-05-24 23:28:37,128,8,3000,500,3000,500,cuda,0.001,50.436135053634644,/content/model_checkpoint.pt,train,0.8612270951271057,5.315609570503235,0.12267578667402268,0.8873100859324138,0.539487060546875,375,3000,43.49004530906677,68.98130316214139
49,48,2026-05-24 23:28:37,128,8,3000,500,3000,500,cuda,0.001,50.436135053634644,/content/model_checkpoint.pt,val,1.0046868078292361,5.770575655831231,0.13918078758768618,0.9623606507740323,0.5110517578125,63,500,6.945668697357178,71.9873091830956
50,49,2026-05-24 23:29:28,128,8,3000,500,3000,500,cuda,0.001,50.41748023033142,/content/model_checkpoint.pt,train,0.8516520971457163,5.391384773572286,0.11877307784557342,0.8847436243693034,0.539487060546875,375,3000,43.450462341308594,69.04414448883513
50,49,2026-05-24 23:29:28,128,8,3000,500,3000,500,cuda,0.001,50.41748023033142,/content/model_checkpoint.pt,val,1.017621825138728,5.1374001692211815,0.1368684351503376,0.9614662546960134,0.5110517578125,63,500,6.966592311859131,71.77110093680336
51,50,2026-05-24 23:30:18,128,8,3000,500,3000,500,cuda,0.001,50.624462366104126,/content/model_checkpoint.pt,train,0.8396035669644674,5.271490757465362,0.1216836155851682,0.8802595040003459,0.539487060546875,375,3000,43.58145570755005,68.83661757723894
51,50,2026-05-24 23:30:18,128,8,3000,500,3000,500,cuda,0.001,50.624462366104126,/content/model_checkpoint.pt,val,0.9759029254080758,4.538072108276307,0.14665854402950831,0.9339856713537186,0.5110517578125,63,500,7.04257869720459,70.99672172615763
52,51,2026-05-24 23:31:09,128,8,3000,500,3000,500,cuda,0.001,50.51638174057007,/content/model_checkpoint.pt,train,0.8402524887720744,5.341835700035095,0.12114888206124305,0.8772073165575663,0.539487060546875,375,3000,43.57202649116516,68.85151418441123
52,51,2026-05-24 23:31:09,128,8,3000,500,3000,500,cuda,0.001,50.51638174057007,/content/model_checkpoint.pt,val,1.0710947310167647,4.003420137223744,0.15119273115008597,0.9494255913628472,0.5110517578125,63,500,6.9439308643341064,72.00532519241145
53,52,2026-05-24 23:31:59,128,8,3000,500,3000,500,cuda,0.001,50.54205775260925,/content/model_checkpoint.pt,train,0.8428095853328705,5.271216716448466,0.1195555885732174,0.8752831626733144,0.539487060546875,375,3000,43.57381248474121,68.84869211411207
53,52,2026-05-24 23:31:59,128,8,3000,500,3000,500,cuda,0.001,50.54205775260925,/content/model_checkpoint.pt,val,0.9378709504528652,6.090401045859806,0.13312744136367524,0.932958844162169,0.5110517578125,63,500,6.96782922744751,71.75836026956742
54,53,2026-05-24 23:32:50,128,8,3000,500,3000,500,cuda,0.001,50.55844807624817,/content/model_checkpoint.pt,train,0.8205592045783997,5.341014352321625,0.1187756010144949,0.8673329393068949,0.539487060546875,375,3000,43.61975383758545,68.77617904883765
54,53,2026-05-24 23:32:50,128,8,3000,500,3000,500,cuda,0.001,50.55844807624817,/content/model_checkpoint.pt,val,0.9661138582797277,6.113660144427466,0.1381929386111479,0.9419220373744056,0.5110517578125,63,500,6.938276767730713,72.06400331642203
55,54,2026-05-24 23:33:41,128,8,3000,500,3000,500,cuda,0.001,50.47673678398132,/content/model_checkpoint.pt,train,0.827955493013064,5.407864190419515,0.11973607888321082,0.8746958507696787,0.539487060546875,375,3000,43.58562660217285,68.83003030752442
55,54,2026-05-24 23:33:41,128,8,3000,500,3000,500,cuda,0.001,50.47673678398132,/content/model_checkpoint.pt,val,0.9903767416401515,5.353004096046327,0.14877852147060727,0.9510018456549871,0.5110517578125,63,500,6.890690565109253,72.56166784381972
56,55,2026-05-24 23:34:31,128,8,3000,500,3000,500,cuda,0.001,50.49574637413025,/content/model_checkpoint.pt,train,0.8364471185207367,5.267845146179199,0.12105563421050708,0.8691551832358042,0.539487060546875,375,3000,43.596413373947144,68.81300014906215
56,55,2026-05-24 23:34:31,128,8,3000,500,3000,500,cuda,0.001,50.49574637413025,/content/model_checkpoint.pt,val,0.9370294066648635,5.597200291497367,0.13705189534950823,0.9317379896602933,0.5110517578125,63,500,6.8989057540893555,72.4752617041656
57,56,2026-05-24 23:35:22,128,8,3000,500,3000,500,cuda,0.001,50.540383100509644,/content/model_checkpoint.pt,train,0.8169530292352041,5.259725457032522,0.11742149180173873,0.8683157156308492,0.539487060546875,375,3000,43.65617847442627,68.71879547948512
57,56,2026-05-24 23:35:22,128,8,3000,500,3000,500,cuda,0.001,50.540383100509644,/content/model_checkpoint.pt,val,0.930639429224862,5.2981495800472445,0.13498822324687526,0.9230491594662742,0.5110517578125,63,500,6.88369083404541,72.63545270323533
58,57,2026-05-24 23:36:12,128,8,3000,500,3000,500,cuda,0.001,50.40735673904419,/content/model_checkpoint.pt,train,0.8058732697168987,5.180955915133159,0.11595998048285643,0.8591572918891907,0.539487060546875,375,3000,43.58206605911255,68.83565354453249
58,57,2026-05-24 23:36:12,128,8,3000,500,3000,500,cuda,0.001,50.40735673904419,/content/model_checkpoint.pt,val,0.9136919965819706,5.492259470243303,0.134196298315175,0.9170280827416314,0.5110517578125,63,500,6.8248560428619385,73.26161853962414
59,58,2026-05-24 23:37:03,128,8,3000,500,3000,500,cuda,0.001,50.542067527770996,/content/model_checkpoint.pt,train,0.7970486176013947,5.090631446520487,0.11727881126602491,0.8574110336303711,0.539487060546875,375,3000,43.6495680809021,68.72920241592456
59,58,2026-05-24 23:37:03,128,8,3000,500,3000,500,cuda,0.001,50.542067527770996,/content/model_checkpoint.pt,val,0.9341977073086632,6.117328009908161,0.1301550226552146,0.9318006682017493,0.5110517578125,63,500,6.8920817375183105,72.54702121104548
60,59,2026-05-24 23:37:53,128,8,3000,500,3000,500,cuda,0.001,50.39853811264038,/content/model_checkpoint.pt,train,0.811458510239919,5.2021540007591245,0.11778287966549396,0.8642869772911072,0.539487060546875,375,3000,43.54933977127075,68.88738189273498
60,59,2026-05-24 23:37:53,128,8,3000,500,3000,500,cuda,0.001,50.39853811264038,/content/model_checkpoint.pt,val,0.9455870683231051,7.272039812708658,0.13147436865856724,0.935025620082068,0.5110517578125,63,500,6.848771572113037,73.00579304410003
61,60,2026-05-24 23:38:43,128,8,3000,500,3000,500,cuda,0.001,50.36368489265442,/content/model_checkpoint.pt,train,0.7883273416360219,5.259277980804443,0.11564775279164315,0.8505050045649211,0.539487060546875,375,3000,43.52854776382446,68.92028689487381
61,60,2026-05-24 23:38:43,128,8,3000,500,3000,500,cuda,0.001,50.36368489265442,/content/model_checkpoint.pt,val,0.9828345009258815,6.6222193335729935,0.13701525717855445,0.9567562341690063,0.5110517578125,63,500,6.834589004516602,73.15728856110846
62,61,2026-05-24 23:39:34,128,8,3000,500,3000,500,cuda,0.001,50.40062236785889,/content/model_checkpoint.pt,train,0.779120670557022,5.075324508825938,0.11430664933721224,0.8499076118469239,0.539487060546875,375,3000,43.501439809799194,68.96323462204614
62,61,2026-05-24 23:39:34,128,8,3000,500,3000,500,cuda,0.001,50.40062236785889,/content/model_checkpoint.pt,val,1.020322148762052,4.708564026015146,0.14585439612468085,0.9518368688840715,0.5110517578125,63,500,6.898735046386719,72.47705508879922
63,62,2026-05-24 23:40:24,128,8,3000,500,3000,500,cuda,0.001,50.52950072288513,/content/model_checkpoint.pt,train,0.77766273077329,5.04339419968923,0.11438514312605064,0.8510995593070984,0.539487060546875,375,3000,43.62395167350769,68.76956086997191
63,62,2026-05-24 23:40:24,128,8,3000,500,3000,500,cuda,0.001,50.52950072288513,/content/model_checkpoint.pt,val,0.9091617640048738,5.582351264499483,0.13238995300517195,0.9168799651993645,0.5110517578125,63,500,6.905118465423584,72.41005386130306
64,63,2026-05-24 23:41:15,128,8,3000,500,3000,500,cuda,0.001,50.435582637786865,/content/model_checkpoint.pt,train,0.7790072508653005,5.082493501663208,0.11521119026343028,0.8481855622132619,0.539487060546875,375,3000,43.48569631576538,68.98820196452448
64,63,2026-05-24 23:41:15,128,8,3000,500,3000,500,cuda,0.001,50.435582637786865,/content/model_checkpoint.pt,val,0.9315356773043436,5.5065227387443425,0.13082521955763537,0.9274504213106065,0.5110517578125,63,500,6.949336767196655,71.94931210704569
65,64,2026-05-24 23:42:05,128,8,3000,500,3000,500,cuda,0.001,50.53860402107239,/content/model_checkpoint.pt,train,0.7722021606763204,5.110955305099488,0.11379357808828354,0.8437456472714742,0.539487060546875,375,3000,43.62360954284668,68.7701002149634
65,64,2026-05-24 23:42:05,128,8,3000,500,3000,500,cuda,0.001,50.53860402107239,/content/model_checkpoint.pt,val,0.9149497860953921,6.225518086599926,0.1313963896402764,0.9200256211417062,0.5110517578125,63,500,6.914555072784424,72.31123257199756
66,65,2026-05-24 23:42:56,128,8,3000,500,3000,500,cuda,0.001,50.34367036819458,/content/model_checkpoint.pt,train,0.7781683322588603,5.070373059272766,0.11510665939748287,0.8492157379786174,0.539487060546875,375,3000,43.40308165550232,69.11951607057566
66,65,2026-05-24 23:42:56,128,8,3000,500,3000,500,cuda,0.001,50.34367036819458,/content/model_checkpoint.pt,val,0.9533713502543313,4.920795923187619,0.1373765014466785,0.9296142600831532,0.5110517578125,63,500,6.9400575160980225,72.04551242409875
67,66,2026-05-24 23:43:46,128,8,3000,500,3000,500,cuda,0.001,50.48763179779053,/content/model_checkpoint.pt,train,0.7617295765082042,5.076154853185018,0.11249589017778636,0.8419348851839701,0.539487060546875,375,3000,43.547873973846436,68.88970060402285
67,66,2026-05-24 23:43:46,128,8,3000,500,3000,500,cuda,0.001,50.48763179779053,/content/model_checkpoint.pt,val,0.9363166060712602,6.630689736396548,0.13242690025695733,0.9294149705341884,0.5110517578125,63,500,6.9393181800842285,72.05318837158885
68,67,2026-05-24 23:44:36,128,8,3000,500,3000,500,cuda,0.001,50.33984303474426,/content/model_checkpoint.pt,train,0.7522179124355316,5.060779810269674,0.11203223240375519,0.835493243376414,0.539487060546875,375,3000,43.37260603904724,69.16808266718346
68,67,2026-05-24 23:44:36,128,8,3000,500,3000,500,cuda,0.001,50.33984303474426,/content/model_checkpoint.pt,val,0.925396238054548,6.404090132032122,0.1296648411819386,0.9204583792459398,0.5110517578125,63,500,6.9668097496032715,71.7688609235343
69,68,2026-05-24 23:45:27,128,8,3000,500,3000,500,cuda,0.001,50.3378632068634,/content/model_checkpoint.pt,train,0.7406579598585764,4.96724160416921,0.11089275707801183,0.8276461604436238,0.539487060546875,375,3000,43.408053398132324,69.11159946483751
69,68,2026-05-24 23:45:27,128,8,3000,500,3000,500,cuda,0.001,50.3378632068634,/content/model_checkpoint.pt,val,0.9170455284534939,6.4137894293618585,0.12769360272657304,0.9246318387606788,0.5110517578125,63,500,6.929398536682129,72.15633468809047
70,69,2026-05-24 23:46:17,128,8,3000,500,3000,500,cuda,0.001,50.62462496757507,/content/model_checkpoint.pt,train,0.7333697375456492,5.0057503728866575,0.10961638636390368,0.8233216908772787,0.539487060546875,375,3000,43.596235513687134,68.81328088656058
70,69,2026-05-24 23:46:17,128,8,3000,500,3000,500,cuda,0.001,50.62462496757507,/content/model_checkpoint.pt,val,0.9470230009820726,4.594257801298111,0.1391444711812905,0.9187647246179127,0.5110517578125,63,500,7.027947902679443,71.14452282854462
71,70,2026-05-24 23:47:08,128,8,3000,500,3000,500,cuda,0.001,50.621949195861816,/content/model_checkpoint.pt,train,0.7319779475529988,4.914668527921041,0.11183996781210105,0.8242715326944987,0.539487060546875,375,3000,43.70943903923035,68.63506066292507
71,70,2026-05-24 23:47:08,128,8,3000,500,3000,500,cuda,0.001,50.621949195861816,/content/model_checkpoint.pt,val,0.9494112110327161,5.737943556573656,0.13597735647289527,0.9348557969880482,0.5110517578125,63,500,6.911957025527954,72.33841271775104
72,71,2026-05-24 23:47:59,128,8,3000,500,3000,500,cuda,0.001,50.44833540916443,/content/model_checkpoint.pt,train,0.7330055251121521,4.984627279281616,0.10953168003261089,0.8254212174415588,0.539487060546875,375,3000,43.55961728096008,68.87112851910433
72,71,2026-05-24 23:47:59,128,8,3000,500,3000,500,cuda,0.001,50.44833540916443,/content/model_checkpoint.pt,val,0.9260730445384979,5.60945673405178,0.13121549184951517,0.9254357710717216,0.5110517578125,63,500,6.888303279876709,72.5868156038782
73,72,2026-05-24 23:48:49,128,8,3000,500,3000,500,cuda,0.001,50.4092493057251,/content/model_checkpoint.pt,train,0.7361419022878011,4.897772625605265,0.11215442887445291,0.8248629530270895,0.539487060546875,375,3000,43.483317613601685,68.99197588046026
73,72,2026-05-24 23:48:49,128,8,3000,500,3000,500,cuda,0.001,50.4092493057251,/content/model_checkpoint.pt,val,0.9229756418674712,6.986155439936925,0.13048684703452246,0.922631994126335,0.5110517578125,63,500,6.925425052642822,72.19773460824534
74,73,2026-05-24 23:49:40,128,8,3000,500,3000,500,cuda,0.001,50.54635500907898,/content/model_checkpoint.pt,train,0.7265337178707123,5.015371069590251,0.11200693262616793,0.8227341341972351,0.539487060546875,375,3000,43.73083806037903,68.60147513884617
74,73,2026-05-24 23:49:40,128,8,3000,500,3000,500,cuda,0.001,50.54635500907898,/content/model_checkpoint.pt,val,0.9212351124438029,6.305515819125706,0.1287641842509546,0.92799640174896,0.5110517578125,63,500,6.815113544464111,73.3663491793395
75,74,2026-05-24 23:50:30,128,8,3000,500,3000,500,cuda,0.001,50.4054491519928,/content/model_checkpoint.pt,train,0.716342883348465,4.768970090230306,0.109437778159976,0.8191717530886332,0.539487060546875,375,3000,43.591047286987305,68.82147107522128
75,74,2026-05-24 23:50:30,128,8,3000,500,3000,500,cuda,0.001,50.4054491519928,/content/model_checkpoint.pt,val,0.9861021514922853,8.897020981425332,0.1296406059511124,0.9192918747190445,0.5110517578125,63,500,6.813974142074585,73.37861717329174
76,75,2026-05-24 23:51:20,128,8,3000,500,3000,500,cuda,0.001,50.46192955970764,/content/model_checkpoint.pt,train,0.7277248401641846,4.988303586324056,0.10975798783202965,0.8219851495424907,0.539487060546875,375,3000,43.5970413684845,68.8120089306942
76,75,2026-05-24 23:51:20,128,8,3000,500,3000,500,cuda,0.001,50.46192955970764,/content/model_checkpoint.pt,val,0.9318673861405206,5.720161184432015,0.13032213734492423,0.9318393979753766,0.5110517578125,63,500,6.8643481731414795,72.84012806290598
77,76,2026-05-24 23:52:11,128,8,3000,500,3000,500,cuda,0.001,50.550273180007935,/content/model_checkpoint.pt,train,0.7132023345629375,4.842087057590485,0.11006781083842118,0.8171272339820862,0.539487060546875,375,3000,43.71988487243652,68.61866193731376
77,76,2026-05-24 23:52:11,128,8,3000,500,3000,500,cuda,0.001,50.550273180007935,/content/model_checkpoint.pt,val,0.9358944892883301,5.988051329340253,0.13227754707137743,0.9323322129628014,0.5110517578125,63,500,6.829969644546509,73.20676752922796
78,77,2026-05-24 23:53:02,128,8,3000,500,3000,500,cuda,0.001,50.56328749656677,/content/model_checkpoint.pt,train,0.7031258114973704,4.83528835995992,0.10898916763563951,0.8087226475079854,0.539487060546875,375,3000,43.72080683708191,68.61721493793529
78,77,2026-05-24 23:53:02,128,8,3000,500,3000,500,cuda,0.001,50.56328749656677,/content/model_checkpoint.pt,val,0.9472215686525617,5.179407649570042,0.13549799217827738,0.931822537429749,0.5110517578125,63,500,6.842076539993286,73.07722985520572
79,78,2026-05-24 23:53:52,128,8,3000,500,3000,500,cuda,0.001,50.57814979553223,/content/model_checkpoint.pt,train,0.7011954373518626,4.857280480066935,0.10816206620633602,0.8102091983159383,0.539487060546875,375,3000,43.695239543914795,68.65736476819005
79,78,2026-05-24 23:53:52,128,8,3000,500,3000,500,cuda,0.001,50.57814979553223,/content/model_checkpoint.pt,val,1.0797615278334844,4.671151842389788,0.1405130817835766,0.9832022767218332,0.5110517578125,63,500,6.882499933242798,72.64802104609933
80,79,2026-05-24 23:54:43,128,8,3000,500,3000,500,cuda,0.001,50.45940446853638,/content/model_checkpoint.pt,train,0.6995330510934193,4.777539946873983,0.10638732843101024,0.8065492558479309,0.539487060546875,375,3000,43.578052043914795,68.84199406106583
80,79,2026-05-24 23:54:43,128,8,3000,500,3000,500,cuda,0.001,50.45940446853638,/content/model_checkpoint.pt,val,0.9525122107967497,5.424234392151,0.13809001862647988,0.9368479355933175,0.5110517578125,63,500,6.880950689315796,72.66437772564785
81,80,2026-05-24 23:55:33,128,8,3000,500,3000,500,cuda,0.001,50.690011501312256,/content/model_checkpoint.pt,train,0.7020086934566497,4.782114709536234,0.10814748005568982,0.8080708683331808,0.539487060546875,375,3000,43.69142007827759,68.66336673482338
81,80,2026-05-24 23:55:33,128,8,3000,500,3000,500,cuda,0.001,50.690011501312256,/content/model_checkpoint.pt,val,0.9135844925093273,5.119329721208603,0.1373548698685472,0.9153070024081639,0.5110517578125,63,500,6.998173475265503,71.44721430059013
82,81,2026-05-24 23:56:24,128,8,3000,500,3000,500,cuda,0.001,50.58012652397156,/content/model_checkpoint.pt,train,0.6905120690663655,4.767607521692912,0.10872563585639,0.8016522444089254,0.539487060546875,375,3000,43.647414207458496,68.73259400295375
82,81,2026-05-24 23:56:24,128,8,3000,500,3000,500,cuda,0.001,50.58012652397156,/content/model_checkpoint.pt,val,0.9531797303093804,6.655358980572413,0.13087164675669063,0.9464498332568577,0.5110517578125,63,500,6.932296514511108,72.12617044775412
83,82,2026-05-24 23:57:15,128,8,3000,500,3000,500,cuda,0.001,50.640798807144165,/content/model_checkpoint.pt,train,0.6835495890776316,4.672015250523885,0.10666686252504587,0.8000990802447001,0.539487060546875,375,3000,43.66986036300659,68.697265689939
83,82,2026-05-24 23:57:15,128,8,3000,500,3000,500,cuda,0.001,50.640798807144165,/content/model_checkpoint.pt,val,0.952946592891027,4.965433177493868,0.14171327730374678,0.9320108114726959,0.5110517578125,63,500,6.970514297485352,71.73071866165995
84,83,2026-05-24 23:58:05,128,8,3000,500,3000,500,cuda,0.001,50.57488512992859,/content/model_checkpoint.pt,train,0.6796279985904694,4.726864246050517,0.10663426518440247,0.7974549813270568,0.539487060546875,375,3000,43.66418266296387,68.70619846835268
84,83,2026-05-24 23:58:05,128,8,3000,500,3000,500,cuda,0.001,50.57488512992859,/content/model_checkpoint.pt,val,0.941989393934371,5.140687688948616,0.13906526660162305,0.9289975610990373,0.5110517578125,63,500,6.910183429718018,72.3569793892437
85,84,2026-05-24 23:58:56,128,8,3000,500,3000,500,cuda,0.001,50.47288799285889,/content/model_checkpoint.pt,train,0.6768778462409973,4.707425052642822,0.10697936331729094,0.7975156079928081,0.539487060546875,375,3000,43.47388505935669,69.00694510978202
85,84,2026-05-24 23:58:56,128,8,3000,500,3000,500,cuda,0.001,50.47288799285889,/content/model_checkpoint.pt,val,0.9703444303974272,5.573692119310772,0.13937291458603882,0.9497604464727735,0.5110517578125,63,500,6.998542785644531,71.44344405889811
86,85,2026-05-24 23:59:46,128,8,3000,500,3000,500,cuda,0.001,50.67085790634155,/content/model_checkpoint.pt,train,0.6728704223632812,4.758194354375203,0.10673634388794502,0.7954710078239441,0.539487060546875,375,3000,43.76809644699097,68.5430768878286
86,85,2026-05-24 23:59:46,128,8,3000,500,3000,500,cuda,0.001,50.67085790634155,/content/model_checkpoint.pt,val,0.9522659395422254,5.151355703671773,0.13655388242905103,0.9389451411035326,0.5110517578125,63,500,6.9023356437683105,72.43924749608763
87,86,2026-05-25 00:00:37,128,8,3000,500,3000,500,cuda,0.001,50.435590982437134,/content/model_checkpoint.pt,train,0.6694342319965363,4.727998499234517,0.10429557352264722,0.7932382235527039,0.539487060546875,375,3000,43.534106492996216,68.91148668648204
87,86,2026-05-25 00:00:37,128,8,3000,500,3000,500,cuda,0.001,50.435590982437134,/content/model_checkpoint.pt,val,0.9659861676276676,5.068144595812237,0.13377999443383443,0.9443188489429535,0.5110517578125,63,500,6.9010303020477295,72.45294950402348
88,87,2026-05-25 00:01:27,128,8,3000,500,3000,500,cuda,0.001,50.50749444961548,/content/model_checkpoint.pt,train,0.6635073097546895,4.639061154683431,0.10566472551226616,0.7888711905479431,0.539487060546875,375,3000,43.61140036582947,68.78935266546884
88,87,2026-05-25 00:01:27,128,8,3000,500,3000,500,cuda,0.001,50.50749444961548,/content/model_checkpoint.pt,val,0.9217634087517148,5.460528233694652,0.12990485388962997,0.92413435190443,0.5110517578125,63,500,6.895655393600464,72.50942389957983
89,88,2026-05-25 00:02:18,128,8,3000,500,3000,500,cuda,0.001,50.59812521934509,/content/model_checkpoint.pt,train,0.6678321634133657,4.7226216880480445,0.10477479735016823,0.7926178949673971,0.539487060546875,375,3000,43.721983671188354,68.61536801627145
89,88,2026-05-25 00:02:18,128,8,3000,500,3000,500,cuda,0.001,50.59812521934509,/content/model_checkpoint.pt,val,0.9496737751695845,5.6817396179078115,0.1368581768243559,0.9376314310800462,0.5110517578125,63,500,6.8757195472717285,72.71966178411087
90,89,2026-05-25 00:03:08,128,8,3000,500,3000,500,cuda,0.001,50.403348207473755,/content/model_checkpoint.pt,train,0.660487279176712,4.637313351313273,0.10612440568457047,0.784087035814921,0.539487060546875,375,3000,43.55030608177185,68.88585339370695
90,89,2026-05-25 00:03:08,128,8,3000,500,3000,500,cuda,0.001,50.403348207473755,/content/model_checkpoint.pt,val,0.9085093358206371,6.274079182791332,0.13024363817558401,0.9212313266027541,0.5110517578125,63,500,6.852528810501099,72.96576400142665
91,90,2026-05-25 00:03:59,128,8,3000,500,3000,500,cuda,0.001,50.30127501487732,/content/model_checkpoint.pt,train,0.652162653764089,4.662738764444987,0.10612295845150947,0.7829327875773112,0.539487060546875,375,3000,43.449689626693726,69.04537237837764
91,90,2026-05-25 00:03:59,128,8,3000,500,3000,500,cuda,0.001,50.30127501487732,/content/model_checkpoint.pt,val,0.9174019973429423,5.983692220279148,0.128304187947559,0.9274403301496355,0.5110517578125,63,500,6.851176500320435,72.9801662497842
92,91,2026-05-25 00:04:49,128,8,3000,500,3000,500,cuda,0.001,50.36582016944885,/content/model_checkpoint.pt,train,0.6518301078478496,4.639226633707683,0.10373310727626085,0.7818353660901387,0.539487060546875,375,3000,43.526368141174316,68.9237381412053
92,91,2026-05-25 00:04:49,128,8,3000,500,3000,500,cuda,0.001,50.36582016944885,/content/model_checkpoint.pt,val,0.9542037522982038,5.386733437341357,0.13592525929330834,0.937616921606518,0.5110517578125,63,500,6.839038848876953,73.10968851743043
93,92,2026-05-25 00:05:39,128,8,3000,500,3000,500,cuda,0.001,50.38106322288513,/content/model_checkpoint.pt,train,0.6392831792036693,4.575091344038645,0.10359116100271543,0.7774741093317667,0.539487060546875,375,3000,43.53551435470581,68.90925821060677
93,92,2026-05-25 00:05:39,128,8,3000,500,3000,500,cuda,0.001,50.38106322288513,/content/model_checkpoint.pt,val,1.0413677096366882,5.809278425716219,0.1336791721719598,0.9842387201294066,0.5110517578125,63,500,6.845005750656128,73.04595762422443
94,93,2026-05-25 00:06:30,128,8,3000,500,3000,500,cuda,0.001,50.333444118499756,/content/model_checkpoint.pt,train,0.644412337064743,4.665856450239818,0.10376631957540909,0.7776485473314921,0.539487060546875,375,3000,43.50628614425659,68.95555253906774
94,93,2026-05-25 00:06:30,128,8,3000,500,3000,500,cuda,0.001,50.333444118499756,/content/model_checkpoint.pt,val,0.9391129177714151,6.6090088779964145,0.13158208986241665,0.9330943529568021,0.5110517578125,63,500,6.82673716545105,73.24143113791088
95,94,2026-05-25 00:07:20,128,8,3000,500,3000,500,cuda,0.001,50.48011636734009,/content/model_checkpoint.pt,train,0.6460633239746094,4.653341674645742,0.10261195613940557,0.7818239987691243,0.539487060546875,375,3000,43.59078526496887,68.8218847576235
95,94,2026-05-25 00:07:20,128,8,3000,500,3000,500,cuda,0.001,50.48011636734009,/content/model_checkpoint.pt,val,1.0123801543599082,4.899764823535132,0.13633045988778272,0.9559637885245066,0.5110517578125,63,500,6.888909578323364,72.58042718013014
96,95,2026-05-25 00:08:11,128,8,3000,500,3000,500,cuda,0.001,50.35582423210144,/content/model_checkpoint.pt,train,0.6410784501234691,4.6440878082911174,0.10409716143707434,0.774460402170817,0.539487060546875,375,3000,43.486995220184326,68.98614136962863
96,95,2026-05-25 00:08:11,128,8,3000,500,3000,500,cuda,0.001,50.35582423210144,/content/model_checkpoint.pt,val,0.939383936306787,5.883974561615596,0.12932082851018226,0.9374825197552877,0.5110517578125,63,500,6.868409633636475,72.79705589360361
97,96,2026-05-25 00:09:01,128,8,3000,500,3000,500,cuda,0.001,50.49611783027649,/content/model_checkpoint.pt,train,0.6296036673386892,4.514133032480876,0.10150852030018966,0.7721301104227701,0.539487060546875,375,3000,43.579225063323975,68.84014104520602
97,96,2026-05-25 00:09:01,128,8,3000,500,3000,500,cuda,0.001,50.49611783027649,/content/model_checkpoint.pt,val,0.964244132004087,7.359796039641849,0.129140498323573,0.9418660487447467,0.5110517578125,63,500,6.916462182998657,72.29129383936329
98,97,2026-05-25 00:09:51,128,8,3000,500,3000,500,cuda,0.001,50.36812353134155,/content/model_checkpoint.pt,train,0.6274725086688996,4.474759062925974,0.10171632851163546,0.7706304670969645,0.539487060546875,375,3000,43.42914366722107,69.07803715835881
98,97,2026-05-25 00:09:51,128,8,3000,500,3000,500,cuda,0.001,50.36812353134155,/content/model_checkpoint.pt,val,0.9512983853854831,6.090331372760591,0.12931940429622218,0.9433040959494454,0.5110517578125,63,500,6.938570022583008,72.06095757088951
99,98,2026-05-25 00:10:42,128,8,3000,500,3000,500,cuda,0.001,50.37030863761902,/content/model_checkpoint.pt,train,0.6240704137484233,4.546859484990438,0.10132536786794663,0.7672714567184449,0.539487060546875,375,3000,43.47488188743591,69.0053628614225
99,98,2026-05-25 00:10:42,128,8,3000,500,3000,500,cuda,0.001,50.37030863761902,/content/model_checkpoint.pt,val,0.9114004392472524,6.278308872192625,0.12910061852917784,0.9217094400572399,0.5110517578125,63,500,6.894970417022705,72.51662730351545
100,99,2026-05-25 00:11:32,128,8,3000,500,3000,500,cuda,0.001,50.494760513305664,/content/model_checkpoint.pt,train,0.6217569009462992,4.541897614161173,0.10222455121576786,0.76741361840566,0.539487060546875,375,3000,43.54002285003662,68.90212277409213
100,99,2026-05-25 00:11:32,128,8,3000,500,3000,500,cuda,0.001,50.494760513305664,/content/model_checkpoint.pt,val,0.9595470419005742,6.666736780651032,0.13060001984593414,0.9499399482257782,0.5110517578125,63,500,6.9543068408966064,71.89789168628859
