epoch,epoch_index_zero_based,timestamp,img_size,batch_size,max_train_samples,max_val_samples,train_dataset_size,val_dataset_size,device,lr_before_scheduler,lr_after_scheduler,epoch_elapsed_sec,checkpoint_path,phase,loss,silog_loss,l1_loss,gradient_loss,abs_rel,rmse,si_rmse,avg_grad_norm,valid_pixel_fraction,n_batches,n_samples,skipped_batches,elapsed_sec,samples_per_sec
1,0,2026-05-06 15:32:44,320,12,19600,3000,19600,3000,cuda,0.001,0.0009997737198476167,244.29698777198792,/content/model_checkpoint.pt,train,1.1641037558983998,1.148071936889115,0.0873806212784784,0.05849452280853231,5.755615985962577,0.16784765422367007,1.0418576339904944,1.4992779711058484,0.5361123963647959,1634,19600,0,217.52233123779297,90.10569116498435
1,0,2026-05-06 15:32:44,320,12,19600,3000,19600,3000,cuda,0.001,0.0009997737198476167,244.29698777198792,/content/model_checkpoint.pt,val,0.9894403107166291,0.9752793847322464,0.07330339524149895,0.06330828586965799,7.174814759254455,0.14103845439106227,0.9625034668445587,nan,0.5351132389322917,250,3000,0,26.772631406784058,112.05473060970071
2,1,2026-05-06 15:36:46,320,12,19600,3000,19600,3000,cuda,0.0009997737198476167,0.0009998086150246218,242.0871057510376,/content/model_checkpoint.pt,train,0.9141464096424483,0.9000197748768723,0.07366437233774724,0.06153957089329437,5.309324274229449,0.14145583947584708,0.9263206563862622,2.11194901385389,0.5361123963647959,1634,19600,0,215.36969470977783,91.00630442185492
2,1,2026-05-06 15:36:46,320,12,19600,3000,19600,3000,cuda,0.0009997737198476167,0.0009998086150246218,242.0871057510376,/content/model_checkpoint.pt,val,0.8303469724655151,0.8176611062288285,0.06350099005550146,0.063214326325804,5.491811985015869,0.1234023474752903,0.885177649974823,nan,0.5351132389322917,250,3000,0,26.715697526931763,112.29353068456241
3,2,2026-05-06 15:40:49,320,12,19600,3000,19600,3000,cuda,0.0009998086150246218,0.0009998075895838348,242.42418217658997,/content/model_checkpoint.pt,train,0.8166663022746071,0.803420461303893,0.06776132113944325,0.06163284210248815,5.019398558971494,0.1305202367205989,0.8751031070619347,2.1538342112536237,0.5361123963647959,1634,19600,0,215.75511527061462,90.84373260590534
3,2,2026-05-06 15:40:49,320,12,19600,3000,19600,3000,cuda,0.0009998086150246218,0.0009998075895838348,242.42418217658997,/content/model_checkpoint.pt,val,0.84064216953516,0.8281064217090607,0.0636082828566432,0.05989009792730212,6.869450312137603,0.11472885295748711,0.8875460263490677,nan,0.5351132389322917,250,3000,0,26.66761589050293,112.4959956044808
4,3,2026-05-06 15:44:52,320,12,19600,3000,19600,3000,cuda,0.0009998075895838348,0.0009998337194633714,242.0412528514862,/content/model_checkpoint.pt,train,0.7603181192567037,0.7477230929394538,0.06351142720464102,0.0613662385936904,4.856940138004401,0.12176505309350634,0.8452051749209004,2.085891378699201,0.5361123963647959,1634,19600,0,215.53698444366455,90.93566958167638
4,3,2026-05-06 15:44:52,320,12,19600,3000,19600,3000,cuda,0.0009998075895838348,0.0009998337194633714,242.0412528514862,/content/model_checkpoint.pt,val,0.7238528198003769,0.7120147984027863,0.05912447114288807,0.05938702253997326,5.577197490692138,0.11481057132035494,0.8250787320137024,nan,0.5351132389322917,250,3000,0,26.502558946609497,113.19661644913701
5,4,2026-05-06 15:48:54,320,12,19600,3000,19600,3000,cuda,0.0009998337194633714,0.0009998414975931826,242.1463634967804,/content/model_checkpoint.pt,train,0.712480180339393,0.7004520635016837,0.05987272581833357,0.06094416732087075,4.682101184326695,0.11548081566231962,0.8174052784353896,1.9769387149606517,0.5361123963647959,1634,19600,0,215.5281355381012,90.93940311349792
5,4,2026-05-06 15:48:54,320,12,19600,3000,19600,3000,cuda,0.0009998337194633714,0.0009998414975931826,242.1463634967804,/content/model_checkpoint.pt,val,0.6882317564487457,0.6766496075391769,0.058091834113001825,0.057367496743798256,4.032131114959717,0.1158587497100234,0.8055491535663605,nan,0.5351132389322917,250,3000,0,26.61670184135437,112.71118479972225
6,5,2026-05-06 15:52:57,320,12,19600,3000,19600,3000,cuda,0.0009998414975931826,0.000999851762193822,242.32048058509827,/content/model_checkpoint.pt,train,0.6808327483321053,0.6691443012842642,0.057773299008548586,0.060449043853662114,4.546397351503664,0.11146214686794664,0.7990175359215556,1.9285872708664091,0.5361123963647959,1634,19600,0,215.80951166152954,90.82083476811796
6,5,2026-05-06 15:52:57,320,12,19600,3000,19600,3000,cuda,0.0009998414975931826,0.000999851762193822,242.32048058509827,/content/model_checkpoint.pt,val,0.6406292824745178,0.6300904253721237,0.05102316536009312,0.057707591768354174,4.248258312702179,0.09853369546681642,0.7790276170969009,nan,0.5351132389322917,250,3000,0,26.50921106338501,113.16821133706438
7,6,2026-05-06 15:57:00,320,12,19600,3000,19600,3000,cuda,0.000999851762193822,0.0009998544163659885,242.4808211326599,/content/model_checkpoint.pt,train,0.6430346299614871,0.6317361236950029,0.05528782443126328,0.06010665634368869,4.439593818079739,0.1075095558149177,0.7777406761156009,1.8166284973538198,0.5361123963647959,1634,19600,0,215.8646833896637,90.79762234482546
7,6,2026-05-06 15:57:00,320,12,19600,3000,19600,3000,cuda,0.000999851762193822,0.0009998544163659885,242.4808211326599,/content/model_checkpoint.pt,val,0.6392682045698166,0.627593959927559,0.05889438072964549,0.05680172017216682,3.6172665424346926,0.11695369216799736,0.7720215945243836,nan,0.5351132389322917,250,3000,0,26.614564895629883,112.72023464462501
8,7,2026-05-06 16:01:02,320,12,19600,3000,19600,3000,cuda,0.0009998544163659885,0.000999856472583847,242.17028999328613,/content/model_checkpoint.pt,train,0.6196839578148785,0.6086171990308359,0.053818084297284505,0.05988089201631049,4.439121910889554,0.1047426741137061,0.7628714163745486,1.7053299944943576,0.5361123963647959,1634,19600,0,215.50200271606445,90.95043086826465
8,7,2026-05-06 16:01:02,320,12,19600,3000,19600,3000,cuda,0.0009998544163659885,0.000999856472583847,242.17028999328613,/content/model_checkpoint.pt,val,0.6272685121893883,0.6166479464769363,0.0503195838034153,0.06145258416607976,5.928953366279602,0.09461667282879352,0.7665499387979507,nan,0.5351132389322917,250,3000,0,26.666592121124268,112.50031448988614
9,8,2026-05-06 16:05:05,320,12,19600,3000,19600,3000,cuda,0.000999856472583847,0.0009998605401612022,242.4477469921112,/content/model_checkpoint.pt,train,0.5854901792789322,0.5747785115730806,0.051519383703138466,0.05967520071806858,4.339200976720784,0.10062870014552369,0.7419892994360942,1.5874995976285222,0.5361123963647959,1634,19600,0,215.79887700080872,90.82531045760052
9,8,2026-05-06 16:05:05,320,12,19600,3000,19600,3000,cuda,0.000999856472583847,0.0009998605401612022,242.4477469921112,/content/model_checkpoint.pt,val,0.6333069696426391,0.6218635196685791,0.05591832365840674,0.06111401823908091,7.197363096237183,0.09571234200149775,0.7556093130111694,nan,0.5351132389322917,250,3000,0,26.64710545539856,112.58258443947487
10,9,2026-05-06 16:09:08,320,12,19600,3000,19600,3000,cuda,0.0009998605401612022,0.0009998723163355701,242.44299626350403,/content/model_checkpoint.pt,train,0.5657920693862395,0.555228749561412,0.050589082168695614,0.05949913036771292,4.314991887371572,0.0993920293604702,0.7288898108492866,1.5489056549938978,0.5361123963647959,1634,19600,0,215.68312621116638,90.8740537301488
10,9,2026-05-06 16:09:08,320,12,19600,3000,19600,3000,cuda,0.0009998605401612022,0.0009998723163355701,242.44299626350403,/content/model_checkpoint.pt,val,0.551517794072628,0.5419209370017052,0.04492595664784312,0.057159298159182075,4.6829665822982784,0.08842044057697057,0.7230020531415939,nan,0.5351132389322917,250,3000,0,26.75827717781067,112.11484132796686
11,10,2026-05-06 16:13:11,320,12,19600,3000,19600,3000,cuda,0.0009998723163355701,0.0009998670552442566,242.23400950431824,/content/model_checkpoint.pt,train,0.547412644957752,0.5370605690552963,0.049193030268277614,0.0594624332477187,4.235866473237625,0.09666462105469757,0.7179397550323747,1.5133046682381426,0.5361123963647959,1634,19600,0,215.67926478385925,90.87568069949579
11,10,2026-05-06 16:13:11,320,12,19600,3000,19600,3000,cuda,0.0009998723163355701,0.0009998670552442566,242.23400950431824,/content/model_checkpoint.pt,val,0.5924133474826813,0.5817408316135406,0.05155887791141868,0.05877367940545082,6.753476705551147,0.0949831721484661,0.7377476782798768,nan,0.5351132389322917,250,3000,0,26.553027868270874,112.98146542394147
12,11,2026-05-06 16:17:14,320,12,19600,3000,19600,3000,cuda,0.0009998670552442566,0.0009998778161471008,242.3890450000763,/content/model_checkpoint.pt,train,0.5308488645799448,0.5206841353231282,0.048027471073240846,0.05921217060911228,4.1853470732999405,0.09506472373196588,0.7071826372984136,1.3826494323616367,0.5361123963647959,1634,19600,0,215.73573899269104,90.85189172418035
12,11,2026-05-06 16:17:14,320,12,19600,3000,19600,3000,cuda,0.0009998670552442566,0.0009998778161471008,242.3890450000763,/content/model_checkpoint.pt,val,0.529636800467968,0.5202537831664086,0.04341752179712057,0.05740778891742229,5.000624150753021,0.08408095556870103,0.7072588121891021,nan,0.5351132389322917,250,3000,0,26.651419639587402,112.5643601943016
13,12,2026-05-06 16:21:16,320,12,19600,3000,19600,3000,cuda,0.0009998778161471008,0.0009998825049969617,241.98392415046692,/content/model_checkpoint.pt,train,0.5143336895192122,0.5043877935723254,0.04660886931181811,0.05909129692642805,4.130215945340137,0.09233909336886525,0.6967116006475621,1.3126033748086254,0.5361123963647959,1634,19600,0,215.37852263450623,91.00257425974118
13,12,2026-05-06 16:21:16,320,12,19600,3000,19600,3000,cuda,0.0009998778161471008,0.0009998825049969617,241.98392415046692,/content/model_checkpoint.pt,val,0.5131557792425155,0.5032530356049537,0.047392675973474976,0.05587684863433242,3.7418692369461057,0.09326830245554447,0.6935548529624939,nan,0.5351132389322917,250,3000,0,26.60353708267212,112.76695992255904
14,13,2026-05-06 16:25:19,320,12,19600,3000,19600,3000,cuda,0.0009998825049969617,0.000999884375459712,242.28795266151428,/content/model_checkpoint.pt,train,0.4952372240228635,0.48548753370817027,0.0453718594939994,0.058878207364663336,4.044193589337161,0.09066018431402989,0.6841355465726432,1.2375791678649706,0.5361123963647959,1634,19600,0,215.61521077156067,90.90267764441603
14,13,2026-05-06 16:25:19,320,12,19600,3000,19600,3000,cuda,0.0009998825049969617,0.000999884375459712,242.28795266151428,/content/model_checkpoint.pt,val,0.5043676933050155,0.4943162779211998,0.048480999179184435,0.05558531078696251,3.482103853225708,0.0968869806304574,0.6880119622945785,nan,0.5351132389322917,250,3000,0,26.671098709106445,112.4813054280248
15,14,2026-05-06 16:29:22,320,12,19600,3000,19600,3000,cuda,0.000999884375459712,0.0009998888897942775,242.64955472946167,/content/model_checkpoint.pt,train,0.48477908066101144,0.47514458115564856,0.044665362667109965,0.05869390072661248,4.0020922697451295,0.08911580888034645,0.6761891499727125,1.2000972113618797,0.5361123963647959,1634,19600,0,215.9661762714386,90.75495217994508
15,14,2026-05-06 16:29:22,320,12,19600,3000,19600,3000,cuda,0.000999884375459712,0.0009998888897942775,242.64955472946167,/content/model_checkpoint.pt,val,0.47735298442840574,0.4682229576706886,0.04196886502951384,0.05669390637055039,4.00445512342453,0.08559271072223783,0.67444668674469,nan,0.5351132389322917,250,3000,0,26.681901216506958,112.43576593949862
16,15,2026-05-06 16:33:25,320,12,19600,3000,19600,3000,cuda,0.0009998888897942775,0.000999887457564474,242.79035782814026,/content/model_checkpoint.pt,train,0.46626650179067175,0.4568531529264322,0.043245718145293884,0.058529815624035995,3.9169329937406094,0.08717471534999559,0.6641076817980887,1.1247833146915442,0.5361123963647959,1634,19600,0,216.12032628059387,90.69022029215743
16,15,2026-05-06 16:33:25,320,12,19600,3000,19600,3000,cuda,0.0009998888897942775,0.000999887457564474,242.79035782814026,/content/model_checkpoint.pt,val,0.4920919658541679,0.48177045345306396,0.05035714581236243,0.05535880059376359,3.3240139393806456,0.10219201360270382,0.6787797993421555,nan,0.5351132389322917,250,3000,0,26.668453454971313,112.4924624918872
17,16,2026-05-06 16:37:28,320,12,19600,3000,19600,3000,cuda,0.000999887457564474,0.0009998898157545474,242.2861397266388,/content/model_checkpoint.pt,train,0.4565676301170592,0.44729189033023875,0.04240059531595891,0.05831301169734416,3.985195223894084,0.08542952243286564,0.6572814872864556,1.0893116019839464,0.5361123963647959,1634,19600,0,215.6637828350067,90.88220443112117
17,16,2026-05-06 16:37:28,320,12,19600,3000,19600,3000,cuda,0.000999887457564474,0.0009998898157545474,242.2861397266388,/content/model_checkpoint.pt,val,0.4921269120573997,0.482590080499649,0.0451340669579804,0.05533445692807436,3.287548113822937,0.08499919912219048,0.6716303807497025,nan,0.5351132389322917,250,3000,0,26.620482683181763,112.69517670674448
18,17,2026-05-06 16:41:30,320,12,19600,3000,19600,3000,cuda,0.0009998898157545474,0.000999894764678769,242.0913860797882,/content/model_checkpoint.pt,train,0.4450254178306172,0.4358996391259909,0.04142701182562306,0.05823453317733762,3.8708867866231293,0.08410411311548335,0.6489639235899819,1.022730421087952,0.5361123963647959,1634,19600,0,215.4664306640625,90.96544616993589
18,17,2026-05-06 16:41:30,320,12,19600,3000,19600,3000,cuda,0.0009998898157545474,0.000999894764678769,242.0913860797882,/content/model_checkpoint.pt,val,0.45394820511341094,0.4451680135130882,0.03975895653292537,0.056326961681246755,4.340157574653626,0.08120324745029212,0.6563734196424484,nan,0.5351132389322917,250,3000,0,26.623040914535522,112.68434772836464
19,18,2026-05-06 16:45:33,320,12,19600,3000,19600,3000,cuda,0.000999894764678769,0.0009998952758992076,242.33540391921997,/content/model_checkpoint.pt,train,0.43400632768796443,0.42501641093152537,0.04052933803879208,0.05821031075360816,3.887530723137546,0.08273797180170747,0.6414221700650242,0.9768771358117042,0.5361123963647959,1634,19600,0,215.72406768798828,90.85680707795845
19,18,2026-05-06 16:45:33,320,12,19600,3000,19600,3000,cuda,0.000999894764678769,0.0009998952758992076,242.33540391921997,/content/model_checkpoint.pt,val,0.45288331365585327,0.44416055738925936,0.03984316505677998,0.05492561149224639,3.6902213730812075,0.08103803090378642,0.6547771310806274,nan,0.5351132389322917,250,3000,0,26.6095929145813,112.74129632986927
20,19,2026-05-06 16:49:37,320,12,19600,3000,19600,3000,cuda,0.0009998952758992076,0.00099989906508823,243.0932388305664,/content/model_checkpoint.pt,train,0.4231632556059515,0.4143299779317808,0.03953458095508579,0.0580618140698642,3.8095796259263737,0.08134005324700745,0.6336086090366873,0.9306170190781391,0.5361123963647959,1634,19600,0,215.51484727859497,90.9450102742257
20,19,2026-05-06 16:49:37,320,12,19600,3000,19600,3000,cuda,0.0009998952758992076,0.00099989906508823,243.0932388305664,/content/model_checkpoint.pt,val,0.4357414720058441,0.4266483666300774,0.042126410892233256,0.05548283758759499,3.508629532814026,0.08667581432685256,0.6428218191862106,nan,0.5351132389322917,250,3000,0,27.5767662525177,108.78722952971712
21,20,2026-05-06 16:53:39,320,12,19600,3000,19600,3000,cuda,0.00099989906508823,0.000999895483454101,242.4116153717041,/content/model_checkpoint.pt,train,0.41414191504550535,0.40539007819961015,0.039035212452896165,0.05793110747061296,3.8150944807173426,0.08060935043389003,0.6273735170885282,0.9089410585901875,0.5361123963647959,1634,19600,0,215.88476586341858,90.78917598289503
21,20,2026-05-06 16:53:39,320,12,19600,3000,19600,3000,cuda,0.00099989906508823,0.000999895483454101,242.4116153717041,/content/model_checkpoint.pt,val,0.4584295371770859,0.4496995496749878,0.03930607255920768,0.0566815332248807,5.168098388671875,0.07831929194182158,0.6541279281377792,nan,0.5351132389322917,250,3000,0,26.524845838546753,113.10150559443795
22,21,2026-05-06 16:57:42,320,12,19600,3000,19600,3000,cuda,0.000999895483454101,0.0009998942982780265,242.4342920780182,/content/model_checkpoint.pt,train,0.40561673943423,0.3970029361755787,0.03814392588631395,0.05784427933736888,3.764035649442614,0.07905336831510523,0.6204618188932155,0.844477356227988,0.5361123963647959,1634,19600,0,215.61749076843262,90.90171641525072
22,21,2026-05-06 16:57:42,320,12,19600,3000,19600,3000,cuda,0.000999895483454101,0.0009998942982780265,242.4342920780182,/content/model_checkpoint.pt,val,0.46060095524787903,0.4522342767119408,0.037297732450068,0.05544033696129918,4.969498880386353,0.0758477184921503,0.6578263798952103,nan,0.5351132389322917,250,3000,0,26.815386056900024,111.87606971737229
23,22,2026-05-06 17:01:45,320,12,19600,3000,19600,3000,cuda,0.0009998942982780265,0.0009999014513610023,242.3387098312378,/content/model_checkpoint.pt,train,0.39588010528169326,0.38736332122195455,0.03756217177868382,0.05764916532067639,3.7061294985517876,0.07791308934869863,0.6140346866160303,0.7858590330641302,0.5361123963647959,1634,19600,0,215.65113377571106,90.88753514454076
23,22,2026-05-06 17:01:45,320,12,19600,3000,19600,3000,cuda,0.0009998942982780265,0.0009999014513610023,242.3387098312378,/content/model_checkpoint.pt,val,0.4255658149123192,0.4173903500437737,0.03607508183643222,0.05528409506380558,3.9443114738464358,0.07425337273254991,0.6351774137020111,nan,0.5351132389322917,250,3000,0,26.685444116592407,112.42083837513005
24,23,2026-05-06 17:05:48,320,12,19600,3000,19600,3000,cuda,0.0009999014513610023,0.000999902135899927,242.42139720916748,/content/model_checkpoint.pt,train,0.39091716610998684,0.38245257499970886,0.03723411748186894,0.057589469679586835,3.674107455236967,0.07786566996889935,0.6097846386482257,0.7728540977529242,0.5361123963647959,1634,19600,0,215.7443242073059,90.84827641243815
24,23,2026-05-06 17:05:48,320,12,19600,3000,19600,3000,cuda,0.0009999014513610023,0.000999902135899927,242.42139720916748,/content/model_checkpoint.pt,val,0.42050455659627917,0.41253586441278456,0.03470802318304777,0.05524977827444673,3.90950279712677,0.0726096209436655,0.6329674606323242,nan,0.5351132389322917,250,3000,0,26.67555594444275,112.4625108563101
25,24,2026-05-06 17:09:51,320,12,19600,3000,19600,3000,cuda,0.000999902135899927,0.0009999017646845174,242.46217894554138,/content/model_checkpoint.pt,train,0.3815960934798312,0.37328157946011425,0.03629440887354661,0.05740705778511102,3.6775018797510257,0.07638787625544458,0.602744062133635,0.7101082430566539,0.5361123963647959,1634,19600,0,215.746027469635,90.84755918742738
25,24,2026-05-06 17:09:51,320,12,19600,3000,19600,3000,cuda,0.000999902135899927,0.0009999017646845174,242.46217894554138,/content/model_checkpoint.pt,val,0.42782313507795333,0.4197630426883697,0.035161912828683854,0.05571613823249936,4.767368404388428,0.07305366118997335,0.6341668413877487,nan,0.5351132389322917,250,3000,0,26.714625358581543,112.29803748815476
26,25,2026-05-06 17:13:54,320,12,19600,3000,19600,3000,cuda,0.0009999017646845174,0.0009999052868554339,242.36836981773376,/content/model_checkpoint.pt,train,0.3820403660653271,0.373724759427541,0.03633941379073674,0.05729387904434138,3.647962798066939,0.07620656855958383,0.6023603020420565,0.7185478195584535,0.5361123963647959,1634,19600,0,215.6292769908905,90.8967477585524
26,25,2026-05-06 17:13:54,320,12,19600,3000,19600,3000,cuda,0.0009999017646845174,0.0009999052868554339,242.36836981773376,/content/model_checkpoint.pt,val,0.4113278012871742,0.4029092866182327,0.037911346439272166,0.054636212158948184,3.506217031955719,0.07741403557360173,0.6226938531398774,nan,0.5351132389322917,250,3000,0,26.73746657371521,112.20210380549699
27,26,2026-05-06 17:17:56,320,12,19600,3000,19600,3000,cuda,0.0009999052868554339,0.0009999061520187503,242.37649965286255,/content/model_checkpoint.pt,train,0.3709736360987076,0.3628030164826164,0.0353678975079318,0.05730869281681362,3.6353458183631755,0.07479258516069269,0.594386535766221,0.671766284657152,0.5361123963647959,1634,19600,0,215.74405598640442,90.84838935833828
27,26,2026-05-06 17:17:56,320,12,19600,3000,19600,3000,cuda,0.0009999052868554339,0.0009999061520187503,242.37649965286255,/content/model_checkpoint.pt,val,0.4048190242648125,0.3969935813546181,0.03364748405665159,0.05556641103699803,4.222269453525543,0.07109385875239968,0.6198432197570801,nan,0.5351132389322917,250,3000,0,26.630327463150024,112.65351521310728
28,27,2026-05-06 17:21:59,320,12,19600,3000,19600,3000,cuda,0.0009999061520187503,0.0009999057537672378,242.269540309906,/content/model_checkpoint.pt,train,0.36627240385062254,0.3581670471712163,0.03496488144893696,0.05721247640000645,3.6425441005238706,0.07434398726066586,0.5909390479982848,0.6323851054874016,0.5361123963647959,1634,19600,0,215.5181803703308,90.9436037661453
28,27,2026-05-06 17:21:59,320,12,19600,3000,19600,3000,cuda,0.0009999061520187503,0.0009999057537672378,242.269540309906,/content/model_checkpoint.pt,val,0.40687574428319934,0.39890662145614625,0.03467263807728887,0.0553645322099328,4.283375580787658,0.07402078324183822,0.6211570465564727,nan,0.5351132389322917,250,3000,0,26.749876022338867,112.15005248976462
29,28,2026-05-06 17:26:02,320,12,19600,3000,19600,3000,cuda,0.0009999057537672378,0.0009999079067281671,242.27721786499023,/content/model_checkpoint.pt,train,0.3592296442247225,0.3512450986093815,0.03422113320011659,0.05702750058730693,3.6214331664245307,0.0729155328296891,0.5853663378166014,0.6152191899370315,0.5361123963647959,1634,19600,0,215.69617557525635,90.86855595713409
29,28,2026-05-06 17:26:02,320,12,19600,3000,19600,3000,cuda,0.0009999057537672378,0.0009999079067281671,242.27721786499023,/content/model_checkpoint.pt,val,0.39553210759162905,0.3877977505326271,0.03323769846372306,0.054974041063338516,4.000569618701935,0.07128081095591188,0.6140209800004959,nan,0.5351132389322917,250,3000,0,26.57922101020813,112.8701250818377
30,29,2026-05-06 17:30:05,320,12,19600,3000,19600,3000,cuda,0.0009999079067281671,0.0009999066487796564,242.7156777381897,/content/model_checkpoint.pt,train,0.35493228308209007,0.3470334088660074,0.0336457865094399,0.05704012117662092,3.5760855210017106,0.07198745512883459,0.5820953346962152,0.5904355006773513,0.5361123963647959,1634,19600,0,215.71978974342346,90.85860886158005
30,29,2026-05-06 17:30:05,320,12,19600,3000,19600,3000,cuda,0.0009999079067281671,0.0009999066487796564,242.7156777381897,/content/model_checkpoint.pt,val,0.40437861424684524,0.3964364395737648,0.03457983435504138,0.05510398367792368,4.253516952514649,0.07410268252715468,0.6182004985809326,nan,0.5351132389322917,250,3000,0,26.994314432144165,111.13451343767686
31,30,2026-05-06 17:34:07,320,12,19600,3000,19600,3000,cuda,0.0009999066487796564,0.0009999094740772729,241.89404940605164,/content/model_checkpoint.pt,train,0.34965927189391566,0.3417934828062828,0.03344070289148339,0.05699366450964073,3.5534832700813417,0.07213048783280275,0.5780769014956756,0.5621405005856273,0.5361123963647959,1634,19600,0,215.3660111427307,91.0078609712021
31,30,2026-05-06 17:34:07,320,12,19600,3000,19600,3000,cuda,0.0009999066487796564,0.0009999094740772729,241.89404940605164,/content/model_checkpoint.pt,val,0.392843010365963,0.3848358734846115,0.03525743524730206,0.054370408952236174,3.4970069398880006,0.07335325497016311,0.6087733393907547,nan,0.5351132389322917,250,3000,0,26.526336908340454,113.09514805478985
32,31,2026-05-06 17:38:10,320,12,19600,3000,19600,3000,cuda,0.0009999094740772729,0.0009999090721745918,242.40342235565186,/content/model_checkpoint.pt,train,0.3460275390193395,0.3382106420642159,0.03317272471038299,0.05681976159371098,3.5377080704620156,0.07158987624502332,0.5751766144426829,0.5352891005046729,0.5361123963647959,1634,19600,0,215.70046472549438,90.8667490584382
32,31,2026-05-06 17:38:10,320,12,19600,3000,19600,3000,cuda,0.0009999094740772729,0.0009999090721745918,242.40342235565186,/content/model_checkpoint.pt,val,0.39225471711158755,0.3839865736365318,0.036951103447005154,0.05450954413414001,3.6704163765907287,0.07771800927445292,0.6101232519149781,nan,0.5351132389322917,250,3000,0,26.701330423355103,112.3539521227737
33,32,2026-05-06 17:42:13,320,12,19600,3000,19600,3000,cuda,0.0009999090721745918,0.0009999089600481366,242.3700430393219,/content/model_checkpoint.pt,train,0.3400146491743506,0.33234974430962905,0.03215995616070935,0.056818224916307565,3.5266695775483785,0.07036699825496558,0.5703821249552427,0.5142690858677157,0.5361123963647959,1634,19600,0,215.53370928764343,90.93705140035685
33,32,2026-05-06 17:42:13,320,12,19600,3000,19600,3000,cuda,0.0009999090721745918,0.0009999089600481366,242.3700430393219,/content/model_checkpoint.pt,val,0.3916940181851387,0.3837912726402283,0.03440129001066089,0.05485105314850807,3.966441853046417,0.07457675032317639,0.6104993302822113,nan,0.5351132389322917,250,3000,0,26.834779024124146,111.79521908129134
34,33,2026-05-06 17:46:16,320,12,19600,3000,19600,3000,cuda,0.0009999089600481366,0.0009999084867477208,242.32687139511108,/content/model_checkpoint.pt,train,0.33702351326166197,0.3294153739601337,0.031839210583943525,0.05664515507269555,3.488776264896883,0.0698477932265669,0.5678329817777457,0.4948706472545607,0.5361123963647959,1634,19600,0,215.82269716262817,90.81528614773485
34,33,2026-05-06 17:46:16,320,12,19600,3000,19600,3000,cuda,0.0009999089600481366,0.0009999084867477208,242.32687139511108,/content/model_checkpoint.pt,val,0.3932395758628845,0.38477664613723755,0.03820799759589136,0.05463461344689131,3.6544434971809387,0.0818791720084846,0.612084260225296,nan,0.5351132389322917,250,3000,0,26.50243854522705,113.19713070480014
35,34,2026-05-06 17:50:19,320,12,19600,3000,19600,3000,cuda,0.0009999084867477208,0.000999910871316914,242.70337462425232,/content/model_checkpoint.pt,train,0.3331268781128099,0.3255778235295557,0.03144325913617449,0.05665130055773971,3.4995802728096743,0.06884880279187419,0.5646404177497621,0.49610811623321754,0.5361123963647959,1634,19600,0,216.08633017539978,90.70448826675178
35,34,2026-05-06 17:50:19,320,12,19600,3000,19600,3000,cuda,0.0009999084867477208,0.000999910871316914,242.70337462425232,/content/model_checkpoint.pt,val,0.3833355370759964,0.37578507941961287,0.032060913877561686,0.05482643114775419,3.887788474559784,0.06952625938504935,0.6040568133592605,nan,0.5351132389322917,250,3000,0,26.615339040756226,112.71695601570516
36,35,2026-05-06 17:54:21,320,12,19600,3000,19600,3000,cuda,0.000999910871316914,0.0009999105485974922,242.0816786289215,/content/model_checkpoint.pt,train,0.3302648675376082,0.3227764299843857,0.031042032671073222,0.056642651513465106,3.509021480562054,0.06874644033829687,0.562121825381621,0.47100389311534685,0.5361123963647959,1634,19600,0,215.55287671089172,90.92896508307015
36,35,2026-05-06 17:54:21,320,12,19600,3000,19600,3000,cuda,0.000999910871316914,0.0009999105485974922,242.0816786289215,/content/model_checkpoint.pt,val,0.38511119049787523,0.37761323773860933,0.031741776764392854,0.054733735501766204,4.016619300842285,0.06824208603054285,0.605149450302124,nan,0.5351132389322917,250,3000,0,26.527226448059082,113.09135562566516
37,36,2026-05-06 17:58:24,320,12,19600,3000,19600,3000,cuda,0.0009999105485974922,0.0009999126803815711,242.29502367973328,/content/model_checkpoint.pt,train,0.32562648546921874,0.31825214152018033,0.030309132834374357,0.056559477183532374,3.498527892727309,0.06764814955486735,0.5587182470860651,0.44711330434993696,0.5361123963647959,1634,19600,0,215.6743016242981,90.87777195700836
37,36,2026-05-06 17:58:24,320,12,19600,3000,19600,3000,cuda,0.0009999105485974922,0.0009999126803815711,242.29502367973328,/content/model_checkpoint.pt,val,0.3764307414889336,0.369135980963707,0.03041398417390883,0.05465325597301125,4.18056502866745,0.06711602778732777,0.5978948667049407,nan,0.5351132389322917,250,3000,0,26.61871027946472,112.7026805019318
38,37,2026-05-06 18:02:27,320,12,19600,3000,19600,3000,cuda,0.0009999126803815711,0.0009999122610681538,242.33139991760254,/content/model_checkpoint.pt,train,0.3221132443850744,0.314777070863886,0.03007918638587591,0.05648591408034105,3.471019594730625,0.0672440491468535,0.5553045557718382,0.4296313340124769,0.5361123963647959,1634,19600,0,215.6632719039917,90.8824197414823
38,37,2026-05-06 18:02:27,320,12,19600,3000,19600,3000,cuda,0.0009999126803815711,0.0009999122610681538,242.33139991760254,/content/model_checkpoint.pt,val,0.37690132164955137,0.36951253497600556,0.031135956665500997,0.054367858447134494,3.6118657364845275,0.06755129328742623,0.5993287510871887,nan,0.5351132389322917,250,3000,0,26.666508197784424,112.50066854456985
39,38,2026-05-06 18:06:29,320,12,19600,3000,19600,3000,cuda,0.0009999122610681538,0.0009999147368345892,241.90509247779846,/content/model_checkpoint.pt,train,0.3195211712631193,0.31221268156422544,0.02989484622904682,0.05648525601858216,3.42467728034665,0.06670794996029425,0.5532746479881875,0.4071670785464228,0.5361123963647959,1634,19600,0,215.38542771339417,90.99965679238538
39,38,2026-05-06 18:06:29,320,12,19600,3000,19600,3000,cuda,0.0009999122610681538,0.0009999147368345892,241.90509247779846,/content/model_checkpoint.pt,val,0.36582268249988553,0.3586342049241066,0.02976510032080114,0.054474222157150504,3.9195854959487915,0.06639521715417504,0.5908122421503067,nan,0.5351132389322917,250,3000,0,26.51805567741394,113.1304661433067
40,39,2026-05-06 18:10:31,320,12,19600,3000,19600,3000,cuda,0.0009999147368345892,0.0009999141697817555,241.9079806804657,/content/model_checkpoint.pt,train,0.31805407463811164,0.3107889103116137,0.02960389773099201,0.05649158905768673,3.4616305849251576,0.06632945079167203,0.5520460678212062,0.39738669808648497,0.5361123963647959,1634,19600,0,215.27984952926636,91.04428511473604
40,39,2026-05-06 18:10:31,320,12,19600,3000,19600,3000,cuda,0.0009999147368345892,0.0009999141697817555,241.9079806804657,/content/model_checkpoint.pt,val,0.36944353860616685,0.3622073190808296,0.03011803985387087,0.054370264399796725,3.76165886592865,0.06642632169649004,0.5927736766338348,nan,0.5351132389322917,250,3000,0,26.626296997070312,112.67056775976357
41,40,2026-05-06 18:14:34,320,12,19600,3000,19600,3000,cuda,0.0009999141697817555,0.0009999152894636454,242.59013295173645,/content/model_checkpoint.pt,train,0.3128857772382412,0.3057459707359351,0.028789056683326257,0.05642896292063167,3.420063811971041,0.06529980460911387,0.5477521196281312,0.37582125108018793,0.5361123963647959,1634,19600,0,215.8039162158966,90.82318960510236
41,40,2026-05-06 18:14:34,320,12,19600,3000,19600,3000,cuda,0.0009999141697817555,0.0009999152894636454,242.59013295173645,/content/model_checkpoint.pt,val,0.3637125501036644,0.35650931107997896,0.029950670642778277,0.05421276331320405,3.865374160289764,0.06640975421667099,0.5888944144248962,nan,0.5351132389322917,250,3000,0,26.783856630325317,112.00776801513076
42,41,2026-05-06 18:18:37,320,12,19600,3000,19600,3000,cuda,0.0009999152894636454,0.0009999150602474202,242.04147267341614,/content/model_checkpoint.pt,train,0.31072617340445374,0.3036082691103767,0.028651884097248007,0.05640243502040798,3.411637838387285,0.06480045194453771,0.5458996194520808,0.3645297866246254,0.5361123963647959,1634,19600,0,215.57237315177917,90.920741435639
42,41,2026-05-06 18:18:37,320,12,19600,3000,19600,3000,cuda,0.0009999152894636454,0.0009999150602474202,242.04147267341614,/content/model_checkpoint.pt,val,0.36613909268379213,0.3590759398341179,0.028917825425043703,0.05450958555191755,4.069055931091309,0.06527593103423715,0.5896906366348267,nan,0.5351132389322917,250,3000,0,26.46750020980835,113.34655619982794
43,42,2026-05-06 18:22:39,320,12,19600,3000,19600,3000,cuda,0.0009999150602474202,0.0009999153532206158,241.80739974975586,/content/model_checkpoint.pt,train,0.3112375171287407,0.30416123711274917,0.028398790842747473,0.05632922051912185,3.4243008668740784,0.06434534393755931,0.5463733450216646,0.37755666394128645,0.5361123963647959,1634,19600,0,215.30650734901428,91.0330126168838
43,42,2026-05-06 18:22:39,320,12,19600,3000,19600,3000,cuda,0.0009999150602474202,0.0009999153532206158,241.80739974975586,/content/model_checkpoint.pt,val,0.3634123079180717,0.35632533514499665,0.029169043300673367,0.0542323351316154,3.9157869353294372,0.06577876465767622,0.5886727521419525,nan,0.5351132389322917,250,3000,0,26.49933910369873,113.21037057793133
44,43,2026-05-06 18:26:41,320,12,19600,3000,19600,3000,cuda,0.0009999153532206158,0.0009999168351966464,241.75494384765625,/content/model_checkpoint.pt,train,0.30681821205077586,0.2998082524705838,0.027973868638776343,0.056277582809474945,3.380571391328604,0.06421498269312348,0.5426154483743514,0.3497740907897783,0.5361123963647959,1634,19600,0,215.2831220626831,91.0429011443505
44,43,2026-05-06 18:26:41,320,12,19600,3000,19600,3000,cuda,0.0009999153532206158,0.0009999168351966464,241.75494384765625,/content/model_checkpoint.pt,val,0.35714268529415133,0.34997475731372835,0.029670418616384267,0.0543472985997796,3.6825318975448607,0.0656010026410222,0.5834966793060302,nan,0.5351132389322917,250,3000,0,26.469748497009277,113.33692877130885
45,44,2026-05-06 18:30:44,320,12,19600,3000,19600,3000,cuda,0.0009999168351966464,0.0009999168471227107,242.37083220481873,/content/model_checkpoint.pt,train,0.3031645907200827,0.29623184206290226,0.027485844026567046,0.05619743592624474,3.3725943179798827,0.06352123185807572,0.5393893723279202,0.32768649544288725,0.5361123963647959,1634,19600,0,215.7067883014679,90.86408524430578
45,44,2026-05-06 18:30:44,320,12,19600,3000,19600,3000,cuda,0.0009999168351966464,0.0009999168471227107,242.37083220481873,/content/model_checkpoint.pt,val,0.3564973573684692,0.3491093873381615,0.031142079439014196,0.05433315831795335,3.705198972225189,0.069398341499269,0.5834548391103744,nan,0.5351132389322917,250,3000,0,26.662421941757202,112.51791028412039
46,45,2026-05-06 18:34:47,320,12,19600,3000,19600,3000,cuda,0.0009999168471227107,0.000999918371055454,242.4278919696808,/content/model_checkpoint.pt,train,0.30209611797639174,0.2951679018438957,0.02744233150649565,0.05623732147609525,3.3846981940902725,0.0629998405861259,0.538181740184163,0.32979697068398556,0.5361123963647959,1634,19600,0,215.56288886070251,90.92474174747949
46,45,2026-05-06 18:34:47,320,12,19600,3000,19600,3000,cuda,0.0009999168471227107,0.000999918371055454,242.4278919696808,/content/model_checkpoint.pt,val,0.35083724856376647,0.34396051371097563,0.027807032477110624,0.054113602317869665,4.102694466114044,0.06534824624657631,0.5780835145711899,nan,0.5351132389322917,250,3000,0,26.862540245056152,111.67968377644878
47,46,2026-05-06 18:38:50,320,12,19600,3000,19600,3000,cuda,0.000999918371055454,0.0009999187099632562,242.33635759353638,/content/model_checkpoint.pt,train,0.30031652780502777,0.29345539604362686,0.027032463459954616,0.05612523678628639,3.390516077034914,0.062181761984187865,0.5367870227031346,0.31441166431094764,0.5361123963647959,1634,19600,0,215.80855298042297,90.82123821931195
47,46,2026-05-06 18:38:50,320,12,19600,3000,19600,3000,cuda,0.000999918371055454,0.0009999187099632562,242.33635759353638,/content/model_checkpoint.pt,val,0.34851838850975037,0.34161318236589433,0.027987109124660493,0.05414279021695256,3.8755231380462645,0.06463764840364457,0.5768821872472764,nan,0.5351132389322917,250,3000,0,26.52625823020935,113.09548350032493
48,47,2026-05-06 18:42:52,320,12,19600,3000,19600,3000,cuda,0.0009999187099632562,0.0009999192950171844,242.1645050048828,/content/model_checkpoint.pt,train,0.29923027818577963,0.2923600970330845,0.027088433019634487,0.05613832135036168,3.3950159219954266,0.062343976853672996,0.5357899748454625,0.3092620346690625,0.5361123963647959,1634,19600,0,215.56274342536926,90.92480309235712
48,47,2026-05-06 18:42:52,320,12,19600,3000,19600,3000,cuda,0.0009999187099632562,0.0009999192950171844,242.1645050048828,/content/model_checkpoint.pt,val,0.3469223985671997,0.3397656076550484,0.029773268196731806,0.05381596853211522,3.5777940783500672,0.06579531324282288,0.5748024375438691,nan,0.5351132389322917,250,3000,0,26.600066423416138,112.78167325774378
49,48,2026-05-06 18:46:55,320,12,19600,3000,19600,3000,cuda,0.0009999192950171844,0.0009999180651700458,242.0957953929901,/content/model_checkpoint.pt,train,0.29675076814366086,0.28992791151037417,0.026771138630513298,0.0561437158360325,3.376708177487153,0.06269995414286013,0.533754986586594,0.2907571407123908,0.5361123963647959,1634,19600,0,215.58352851867676,90.91603674304822
49,48,2026-05-06 18:46:55,320,12,19600,3000,19600,3000,cuda,0.0009999192950171844,0.0009999180651700458,242.0957953929901,/content/model_checkpoint.pt,val,0.3537422425150871,0.34666082191467285,0.029043518330901862,0.05449783065542579,4.151172673225402,0.06532224709168076,0.5791656481027603,nan,0.5351132389322917,250,3000,0,26.510721921920776,113.16176182736866
50,49,2026-05-06 18:50:58,320,12,19600,3000,19600,3000,cuda,0.0009999180651700458,0.0009999198310348058,242.5495536327362,/content/model_checkpoint.pt,train,0.29404392343292624,0.2873086079663279,0.02617876163987053,0.056170021952671366,3.332354140726706,0.06130645209022842,0.5313978344749208,0.2861699676608514,0.5361123963647959,1634,19600,0,215.68839979171753,90.87183185988216
50,49,2026-05-06 18:50:58,320,12,19600,3000,19600,3000,cuda,0.0009999180651700458,0.0009999198310348058,242.5495536327362,/content/model_checkpoint.pt,val,0.34432138347625735,0.3375076770186424,0.02734333946555853,0.054244129836559296,3.979418164730072,0.06325348252803087,0.5728903754949569,nan,0.5351132389322917,250,3000,0,26.85922074317932,111.69348614709254
51,50,2026-05-06 18:55:00,320,12,19600,3000,19600,3000,cuda,0.0009999198310348058,0.0009999196111414393,242.14258670806885,/content/model_checkpoint.pt,train,0.2934642921827706,0.286742272528032,0.026136958303620794,0.05602950634573891,3.3565603523826364,0.06150040602154182,0.5308665444976405,0.28318864282681133,0.5361123963647959,1634,19600,0,215.36249661445618,91.0093461401875
51,50,2026-05-06 18:55:00,320,12,19600,3000,19600,3000,cuda,0.0009999198310348058,0.0009999196111414393,242.14258670806885,/content/model_checkpoint.pt,val,0.3450655012726784,0.3379444014430046,0.029409603567793964,0.05419318874180317,3.8191889348030092,0.06572808295488358,0.5736755417585373,nan,0.5351132389322917,250,3000,0,26.778172492980957,112.03154363078191
52,51,2026-05-06 18:59:03,320,12,19600,3000,19600,3000,cuda,0.0009999196111414393,0.0009999182208155401,242.24387454986572,/content/model_checkpoint.pt,train,0.29123328331598014,0.28458062113425725,0.02567974196557717,0.056014022405739224,3.338008296606444,0.060649835525680165,0.5288408760487523,0.2647678596577453,0.5361123963647959,1634,19600,0,215.72653007507324,90.85577000278623
52,51,2026-05-06 18:59:03,320,12,19600,3000,19600,3000,cuda,0.0009999196111414393,0.0009999182208155401,242.24387454986572,/content/model_checkpoint.pt,val,0.3524074868559837,0.3454134936332703,0.02857709150761366,0.05414858056232333,4.037237923145295,0.06417791517078876,0.5786152725219726,nan,0.5351132389322917,250,3000,0,26.515656232833862,113.14070350199947
53,52,2026-05-06 19:03:06,320,12,19600,3000,19600,3000,cuda,0.0009999182208155401,0.0009999207492238133,242.34749174118042,/content/model_checkpoint.pt,train,0.2896333410424001,0.28300311314249854,0.025526639512390117,0.05602464804909166,3.3215545427186397,0.060353311229009304,0.527466394071042,0.26212725265355125,0.5361123963647959,1634,19600,0,215.7384536266327,90.8507485360987
53,52,2026-05-06 19:03:06,320,12,19600,3000,19600,3000,cuda,0.0009999182208155401,0.0009999207492238133,242.34749174118042,/content/model_checkpoint.pt,val,0.33925563329458236,0.33262529742717745,0.026147003538906574,0.05416568009927869,3.8927054696083068,0.06127163024246693,0.5696001334190368,nan,0.5351132389322917,250,3000,0,26.60742497444153,112.75048235151391
54,53,2026-05-06 19:07:08,320,12,19600,3000,19600,3000,cuda,0.0009999207492238133,0.000999920348702168,241.8097116947174,/content/model_checkpoint.pt,train,0.28797757320990613,0.2813882262809624,0.025264085997739577,0.055994674981192136,3.3123301427396448,0.05996201379450364,0.5258870129559002,0.2510829063946315,0.5361123963647959,1634,19600,0,215.2162811756134,91.07117683167604
54,53,2026-05-06 19:07:08,320,12,19600,3000,19600,3000,cuda,0.0009999207492238133,0.000999920348702168,241.8097116947174,/content/model_checkpoint.pt,val,0.34247867822647093,0.33560996544361116,0.027659455886110663,0.05439587640762329,3.9694598321914674,0.06232846936583519,0.5710376951694488,nan,0.5351132389322917,250,3000,0,26.591764450073242,112.81688379996676
55,54,2026-05-06 19:11:11,320,12,19600,3000,19600,3000,cuda,0.000999920348702168,0.0009999214409178584,242.53156995773315,/content/model_checkpoint.pt,train,0.28852382665237863,0.281876475603811,0.0256378043111245,0.0560336112152475,3.3058962867922417,0.060690572328872365,0.5264776683203886,0.26221069860679064,0.5361123963647959,1634,19600,0,215.83013796806335,90.81215526489741
55,54,2026-05-06 19:11:11,320,12,19600,3000,19600,3000,cuda,0.000999920348702168,0.0009999214409178584,242.53156995773315,/content/model_checkpoint.pt,val,0.3385095185637474,0.33143503707647326,0.029111722443252802,0.054154445745050905,3.8728826680183412,0.0654423091225326,0.5671089090108872,nan,0.5351132389322917,250,3000,0,26.699638843536377,112.36107040924486
56,55,2026-05-06 19:15:14,320,12,19600,3000,19600,3000,cuda,0.0009999214409178584,0.0009999222628201193,242.240136384964,/content/model_checkpoint.pt,train,0.28519308119282727,0.27867010096259043,0.02484199656726453,0.05593361924294123,3.2884328339791504,0.05953840382916983,0.5233856986756715,0.24193492988660256,0.5361123963647959,1634,19600,0,215.6096317768097,90.90502979147574
56,55,2026-05-06 19:15:14,320,12,19600,3000,19600,3000,cuda,0.0009999214409178584,0.0009999222628201193,242.240136384964,/content/model_checkpoint.pt,val,0.3333121719956398,0.32661241751909253,0.026684345873072744,0.05394205755740404,3.5894047594070435,0.061588503263890745,0.5641344221830368,nan,0.5351132389322917,250,3000,0,26.62896203994751,112.65929162013683
57,56,2026-05-06 19:19:16,320,12,19600,3000,19600,3000,cuda,0.0009999222628201193,0.0009999190540276425,242.41417050361633,/content/model_checkpoint.pt,train,0.2833204110457381,0.27683581359857734,0.024575337900402824,0.055965940399617504,3.286257609232549,0.05895030782119151,0.5216189167636699,0.23212959255562637,0.5361123963647959,1634,19600,0,215.5152096748352,90.9448573470618
57,56,2026-05-06 19:19:16,320,12,19600,3000,19600,3000,cuda,0.0009999222628201193,0.0009999190540276425,242.41417050361633,/content/model_checkpoint.pt,val,0.3496031622290611,0.3425979338288307,0.028696802992373704,0.054014140900224446,3.728722680091858,0.06415948072448373,0.575660017132759,nan,0.5351132389322917,250,3000,0,26.897293090820312,111.53538721797473
58,57,2026-05-06 19:23:19,320,12,19600,3000,19600,3000,cuda,0.0009999190540276425,0.0009999226708551322,242.2727394104004,/content/model_checkpoint.pt,train,0.2825773767990173,0.27610118403538353,0.024509331968361043,0.055995864896536914,3.290091907452778,0.058963777342950295,0.5210520800390034,0.2320975314260368,0.5361123963647959,1634,19600,0,215.7592875957489,90.84197588158044
58,57,2026-05-06 19:23:19,320,12,19600,3000,19600,3000,cuda,0.0009999190540276425,0.0009999226708551322,242.2727394104004,/content/model_checkpoint.pt,val,0.332126383960247,0.32555381685495377,0.02587272079475224,0.0538331581838429,3.7937353024482725,0.061529601264745,0.5626518918275834,nan,0.5351132389322917,250,3000,0,26.51182270050049,113.15706331814621
59,58,2026-05-06 19:27:22,320,12,19600,3000,19600,3000,cuda,0.0009999226708551322,0.000999922349442159,243.09042072296143,/content/model_checkpoint.pt,train,0.2807501255736357,0.2743208145624713,0.024231086271066068,0.055892956540025,3.2960088069173374,0.058425224958115335,0.5192798534396812,0.22171574791339357,0.5361123963647959,1634,19600,0,216.35627698898315,90.59131665959491
59,58,2026-05-06 19:27:22,320,12,19600,3000,19600,3000,cuda,0.0009999226708551322,0.000999922349442159,243.09042072296143,/content/model_checkpoint.pt,val,0.3336904941797256,0.32710262244939803,0.025986843744292856,0.05379692447185516,3.990471668243408,0.0603906983025372,0.5638200206756592,nan,0.5351132389322917,250,3000,0,26.732447385787964,112.22317046792055
60,59,2026-05-06 19:31:25,320,12,19600,3000,19600,3000,cuda,0.000999922349442159,0.0009999223998987665,241.80550289154053,/content/model_checkpoint.pt,train,0.2812861999727083,0.27482561947666156,0.024442369888355384,0.05588450201592127,3.308791958461339,0.05852508152672061,0.5195599593030633,0.2218989311595478,0.5361123963647959,1634,19600,0,215.33321523666382,91.02172174626405
60,59,2026-05-06 19:31:25,320,12,19600,3000,19600,3000,cuda,0.000999922349442159,0.0009999223998987665,241.80550289154053,/content/model_checkpoint.pt,val,0.3324675562977791,0.3257686470150948,0.026683370191603897,0.053928062424063686,3.764324101448059,0.06157978759333491,0.5636368036270142,nan,0.5351132389322917,250,3000,0,26.47067427635193,113.33296495133507
61,60,2026-05-06 19:35:27,320,12,19600,3000,19600,3000,cuda,0.0009999223998987665,0.0009999223292176654,242.3324887752533,/content/model_checkpoint.pt,train,0.2789870295103644,0.2726067394164084,0.0239252030018448,0.05583019192174369,3.2743581896750404,0.05786694840823313,0.517635976214012,0.210652138235337,0.5361123963647959,1634,19600,0,215.71070837974548,90.8624339849434
61,60,2026-05-06 19:35:27,320,12,19600,3000,19600,3000,cuda,0.0009999223998987665,0.0009999223292176654,242.3324887752533,/content/model_checkpoint.pt,val,0.3341847220659256,0.32736006391048433,0.027528681952506302,0.053907127033919096,3.768590678691864,0.06340887253358961,0.5638934427499771,nan,0.5351132389322917,250,3000,0,26.6200270652771,112.69710555302817
62,61,2026-05-06 19:39:30,320,12,19600,3000,19600,3000,cuda,0.0009999223292176654,0.0009999215348660572,242.1960756778717,/content/model_checkpoint.pt,train,0.2772965781035009,0.2709581941831287,0.023614788132707155,0.05592330945216831,3.2388585403178576,0.057704029684587675,0.5163163867581868,0.20407473482647534,0.5361123963647959,1634,19600,0,215.52937483787537,90.93888020945373
62,61,2026-05-06 19:39:30,320,12,19600,3000,19600,3000,cuda,0.0009999223292176654,0.0009999215348660572,242.1960756778717,/content/model_checkpoint.pt,val,0.33655207496881484,0.32987026339769365,0.0266492826025933,0.05368836970627308,3.5917841267585753,0.06114442925900221,0.5667696980237961,nan,0.5351132389322917,250,3000,0,26.66499614715576,112.50704794570153
63,62,2026-05-06 19:43:33,320,12,19600,3000,19600,3000,cuda,0.0009999215348660572,0.0009999230101158418,243.03147077560425,/content/model_checkpoint.pt,train,0.2761998603090808,0.2698922024599779,0.023423810575825404,0.05588172750793753,3.2586979783588115,0.05713701081767705,0.5153146035777749,0.19872834797004738,0.5361123963647959,1634,19600,0,215.62473011016846,90.89866449913158
63,62,2026-05-06 19:43:33,320,12,19600,3000,19600,3000,cuda,0.0009999215348660572,0.0009999230101158418,243.03147077560425,/content/model_checkpoint.pt,val,0.32988288533687593,0.3232618005871773,0.026145897403359413,0.053983973160386084,3.6681342759132387,0.060953294023871424,0.5614162615537643,nan,0.5351132389322917,250,3000,0,27.4050555229187,109.46885320086712
64,63,2026-05-06 19:47:36,320,12,19600,3000,19600,3000,cuda,0.0009999230101158418,0.0009999232804406917,242.29518818855286,/content/model_checkpoint.pt,train,0.27481682950601144,0.2685552105179907,0.023126070048532368,0.055854168096431865,3.24380757492788,0.056626607774502645,0.5140839443613879,0.19467902657059516,0.5361123963647959,1634,19600,0,215.63062572479248,90.89617921442806
64,63,2026-05-06 19:47:36,320,12,19600,3000,19600,3000,cuda,0.0009999230101158418,0.0009999232804406917,242.29518818855286,/content/model_checkpoint.pt,val,0.32995399218797683,0.3231661292910576,0.02735046673566103,0.053705874498933555,3.4907636551856993,0.06170810922607779,0.5604297543764114,nan,0.5351132389322917,250,3000,0,26.662596225738525,112.51717479425255
65,64,2026-05-06 19:51:39,320,12,19600,3000,19600,3000,cuda,0.0009999232804406917,0.0009999246647794506,242.5046968460083,/content/model_checkpoint.pt,train,0.27532113946728054,0.2690244033394639,0.023377056355842342,0.05580354662956339,3.243102410723851,0.05728615678885594,0.5144479181731492,0.20107578321598296,0.5361123963647959,1634,19600,0,215.56913018226624,90.92210922513799
65,64,2026-05-06 19:51:39,320,12,19600,3000,19600,3000,cuda,0.0009999232804406917,0.0009999246647794506,242.5046968460083,/content/model_checkpoint.pt,val,0.3227201303243637,0.31625387239456176,0.02515215776860714,0.05386869540065527,3.7014707236289976,0.05965003141015768,0.5553503704071044,nan,0.5351132389322917,250,3000,0,26.93377375602722,111.38431722100071
66,65,2026-05-06 19:55:42,320,12,19600,3000,19600,3000,cuda,0.0009999246647794506,0.0009999229540474488,242.24013710021973,/content/model_checkpoint.pt,train,0.27381185879942255,0.2675531708533936,0.023113902965720145,0.05583205123886813,3.256560794398134,0.05680748136290047,0.5129771616898084,0.19157554214020034,0.5361123963647959,1634,19600,0,215.6856768131256,90.87297909439685
66,65,2026-05-06 19:55:42,320,12,19600,3000,19600,3000,cuda,0.0009999246647794506,0.0009999229540474488,242.24013710021973,/content/model_checkpoint.pt,val,0.33162192034721377,0.32463347834348677,0.028512344857677816,0.05423177943378687,3.8341629037857055,0.06434930017963052,0.5616206572055816,nan,0.5351132389322917,250,3000,0,26.552903652191162,112.98199395802945
67,66,2026-05-06 19:59:45,320,12,19600,3000,19600,3000,cuda,0.0009999229540474488,0.0009999252332991344,242.39817667007446,/content/model_checkpoint.pt,train,0.27229770642307427,0.2660691231635092,0.022935663853775403,0.055764663787820856,3.209209982520072,0.056349515784965006,0.5117854245253263,0.18617082606531415,0.5361123963647959,1634,19600,0,215.89803528785706,90.78359594086764
67,66,2026-05-06 19:59:45,320,12,19600,3000,19600,3000,cuda,0.0009999229540474488,0.0009999252332991344,242.39817667007446,/content/model_checkpoint.pt,val,0.31999064403772354,0.31360325366258623,0.024689365902915598,0.05367967427149415,3.8384420194625855,0.05950929271057248,0.5532508642673493,nan,0.5351132389322917,250,3000,0,26.497953414916992,113.21629082158297
68,67,2026-05-06 20:03:48,320,12,19600,3000,19600,3000,cuda,0.0009999252332991344,0.0009999245228816663,242.6371510028839,/content/model_checkpoint.pt,train,0.2715632753991585,0.2653918620814527,0.02255682904880854,0.05575777930714819,3.222667870352289,0.056035501886138664,0.5109378061687057,0.18066102079819144,0.5361123963647959,1634,19600,0,216.1209270954132,90.68996817391488
68,67,2026-05-06 20:03:48,320,12,19600,3000,19600,3000,cuda,0.0009999252332991344,0.0009999245228816663,242.6371510028839,/content/model_checkpoint.pt,val,0.3236778588294983,0.3171804196834564,0.025375035960227253,0.053823666889220474,3.716647931098938,0.05975433479249477,0.5558731532096863,nan,0.5351132389322917,250,3000,0,26.514657974243164,113.14496317147504
69,68,2026-05-06 20:07:50,320,12,19600,3000,19600,3000,cuda,0.0009999245228816663,0.000999925456521801,242.27353286743164,/content/model_checkpoint.pt,train,0.2717848894718665,0.2655960843331811,0.022648122325776694,0.05583173356325601,3.222691280532496,0.05613291589771209,0.5110784303419739,0.18621610842344227,0.5361123963647959,1634,19600,0,215.62390422821045,90.89901265889284
69,68,2026-05-06 20:07:50,320,12,19600,3000,19600,3000,cuda,0.0009999245228816663,0.000999925456521801,242.27353286743164,/content/model_checkpoint.pt,val,0.31912290555238726,0.31264845782518386,0.025329811969771982,0.05349952742084861,3.529896369934082,0.05895285226777196,0.5524243361949921,nan,0.5351132389322917,250,3000,0,26.648178577423096,112.5780507393351
70,69,2026-05-06 20:11:53,320,12,19600,3000,19600,3000,cuda,0.000999925456521801,0.000999925271265557,242.3656449317932,/content/model_checkpoint.pt,train,0.2703057908005055,0.2641548700037901,0.022427171177197718,0.055736890173547944,3.245395457292274,0.05612590254456571,0.5096361892459734,0.17807623795535749,0.5361123963647959,1634,19600,0,215.77500462532043,90.83535896122052
70,69,2026-05-06 20:11:53,320,12,19600,3000,19600,3000,cuda,0.000999925456521801,0.000999925271265557,242.3656449317932,/content/model_checkpoint.pt,val,0.3201355539560318,0.3137326067686081,0.024835512617602945,0.05355242254585028,3.629351655960083,0.05971977765485644,0.5531103729009629,nan,0.5351132389322917,250,3000,0,26.58905553817749,112.828377664355
71,70,2026-05-06 20:15:56,320,12,19600,3000,19600,3000,cuda,0.000999925271265557,0.0009999259736146746,242.14007782936096,/content/model_checkpoint.pt,train,0.2687390301572649,0.26262008229149747,0.022234589921315103,0.05567519448844618,3.228964741402186,0.05580055776919664,0.5080294765559376,0.17012494770556943,0.5361123963647959,1634,19600,0,215.59689331054688,90.91040088304082
71,70,2026-05-06 20:15:56,320,12,19600,3000,19600,3000,cuda,0.000999925271265557,0.0009999259736146746,242.14007782936096,/content/model_checkpoint.pt,val,0.3167814068198204,0.3102385672330856,0.025695544876158237,0.05377014508098364,3.6053748183250427,0.06050379892066121,0.5505049265623093,nan,0.5351132389322917,250,3000,0,26.541491985321045,113.03057121503082
72,71,2026-05-06 20:19:58,320,12,19600,3000,19600,3000,cuda,0.0009999259736146746,0.000999923317308117,242.23529863357544,/content/model_checkpoint.pt,train,0.2695050665167146,0.2633871776593286,0.022191146028717135,0.05578432934651678,3.220908564336443,0.055517560869655966,0.5089158204770584,0.1768397385553164,0.5361123963647959,1634,19600,0,215.3172299861908,91.02847924087186
72,71,2026-05-06 20:19:58,320,12,19600,3000,19600,3000,cuda,0.0009999259736146746,0.000999923317308117,242.23529863357544,/content/model_checkpoint.pt,val,0.3303366921544075,0.3235979326367378,0.02697422668337822,0.05385248064249754,3.642413646221161,0.062400650978088376,0.5602950780391693,nan,0.5351132389322917,250,3000,0,26.91625142097473,111.45682781303725
73,72,2026-05-06 20:24:01,320,12,19600,3000,19600,3000,cuda,0.000999923317308117,0.0009999249004086306,241.94809532165527,/content/model_checkpoint.pt,train,0.2671133413445774,0.26104571305972274,0.021872193585611616,0.05573598485590486,3.209550457383019,0.055172501430268805,0.5067948276402755,0.16512523396362436,0.5361123963647959,1634,19600,0,215.45727157592773,90.96931311084994
73,72,2026-05-06 20:24:01,320,12,19600,3000,19600,3000,cuda,0.000999923317308117,0.0009999249004086306,241.94809532165527,/content/model_checkpoint.pt,val,0.3235275499224663,0.3170584782361984,0.02517502206750214,0.05385639264807105,3.857436144351959,0.06020518333464861,0.5544811717271805,nan,0.5351132389322917,250,3000,0,26.489020109176636,113.2544725186231
74,73,2026-05-06 20:28:03,320,12,19600,3000,19600,3000,cuda,0.0009999249004086306,0.0009999242632821755,242.16286897659302,/content/model_checkpoint.pt,train,0.26730424573364575,0.2612090469902265,0.02205836092238172,0.055728889163355534,3.2316363429789736,0.05551674579483351,0.5069757504628075,0.16785032964440352,0.5361123963647959,1634,19600,0,215.4807369709015,90.95940674570267
74,73,2026-05-06 20:28:03,320,12,19600,3000,19600,3000,cuda,0.0009999249004086306,0.0009999242632821755,242.16286897659302,/content/model_checkpoint.pt,val,0.3280340930223465,0.3216228057742119,0.024707492934539915,0.05410327775403857,4.064380958557129,0.058290314760059116,0.5568283048868179,nan,0.5351132389322917,250,3000,0,26.680429935455322,112.44196616237184
75,74,2026-05-06 20:32:06,320,12,19600,3000,19600,3000,cuda,0.0009999242632821755,0.0009999257258655131,242.59081435203552,/content/model_checkpoint.pt,train,0.2651714220405938,0.25916596257208757,0.02147452797623285,0.05568559912251106,3.202285673145565,0.05484249282057193,0.5051452451302343,0.1555326146631065,0.5361123963647959,1634,19600,0,215.92042875289917,90.77418062387406
75,74,2026-05-06 20:32:06,320,12,19600,3000,19600,3000,cuda,0.0009999242632821755,0.0009999257258655131,242.59081435203552,/content/model_checkpoint.pt,val,0.3183480516076088,0.31199985402822494,0.024318804055452347,0.05400752564892173,3.693988233566284,0.058561690460890534,0.5514253863096237,nan,0.5351132389322917,250,3000,0,26.668514490127563,112.49220503491382
76,75,2026-05-06 20:36:09,320,12,19600,3000,19600,3000,cuda,0.0009999257258655131,0.0009999265329314088,242.1405806541443,/content/model_checkpoint.pt,train,0.2659762834028923,0.25989632303923405,0.021921940005670507,0.05583338270555484,3.196896380098534,0.05512757492200397,0.5057871754451072,0.16044035007449886,0.5361123963647959,1634,19600,0,215.33370161056519,91.02151615564082
76,75,2026-05-06 20:36:09,320,12,19600,3000,19600,3000,cuda,0.0009999257258655131,0.0009999265329314088,242.1405806541443,/content/model_checkpoint.pt,val,0.3148710824847221,0.3084631457924843,0.02484776287712157,0.053615428984165193,3.6359719529151917,0.05918620681203902,0.5484212230443954,nan,0.5351132389322917,250,3000,0,26.805171489715576,111.91870199938916
77,76,2026-05-06 20:40:12,320,12,19600,3000,19600,3000,cuda,0.0009999265329314088,0.0009999260683834163,242.39095330238342,/content/model_checkpoint.pt,train,0.26468898876224767,0.2586770742912771,0.021506864673570894,0.055717686455949884,3.195717303631793,0.05481312449564393,0.5047073427729099,0.15321745677432785,0.5361123963647959,1634,19600,0,215.62923502922058,90.89676544715257
77,76,2026-05-06 20:40:12,320,12,19600,3000,19600,3000,cuda,0.0009999265329314088,0.0009999260683834163,242.39095330238342,/content/model_checkpoint.pt,val,0.31708001655340196,0.31065089970827103,0.024916327126324175,0.053833376057446,3.7329125938415526,0.059610868444666266,0.550152426123619,nan,0.5351132389322917,250,3000,0,26.76017737388611,112.10688023792947
78,77,2026-05-06 20:44:14,320,12,19600,3000,19600,3000,cuda,0.0009999260683834163,0.0009999271312532783,242.08110857009888,/content/model_checkpoint.pt,train,0.26336071947578116,0.25737177337562,0.021348963600624413,0.055732031078664916,3.2011786179122317,0.05447907893943533,0.5033450238634644,0.14831341423021316,0.5361123963647959,1634,19600,0,215.53085112571716,90.9382573196795
78,77,2026-05-06 20:44:14,320,12,19600,3000,19600,3000,cuda,0.0009999260683834163,0.0009999271312532783,242.08110857009888,/content/model_checkpoint.pt,val,0.31284118443727493,0.30659219443798064,0.023734663898125292,0.05377578806877136,3.787581326007843,0.05830627176165581,0.5461834087371826,nan,0.5351132389322917,250,3000,0,26.548603296279907,113.0002948373699
79,78,2026-05-06 20:48:17,320,12,19600,3000,19600,3000,cuda,0.0009999271312532783,0.0009999273170664832,242.4749629497528,/content/model_checkpoint.pt,train,0.2639105431461932,0.2579076965333782,0.021465049967092246,0.055661777280056744,3.2007021030714347,0.05441115097789096,0.5036769881570937,0.15274863926787272,0.5361123963647959,1634,19600,0,215.88114666938782,90.79069804097581
79,78,2026-05-06 20:48:17,320,12,19600,3000,19600,3000,cuda,0.0009999271312532783,0.0009999273170664832,242.4749629497528,/content/model_checkpoint.pt,val,0.312405571103096,0.3060248699188232,0.024546857085078956,0.05397343986853957,3.805096694469452,0.05817859036289155,0.5454865711927414,nan,0.5351132389322917,250,3000,0,26.59213948249817,112.815292728683
80,79,2026-05-06 20:52:20,320,12,19600,3000,19600,3000,cuda,0.0009999273170664832,0.0009999269728883503,242.53764367103577,/content/model_checkpoint.pt,train,0.262103158834697,0.25614875400008014,0.02114996005341552,0.05563820611128089,3.199483932049505,0.05407772273380387,0.5022606533225922,0.14903664760145666,0.5361123963647959,1634,19600,0,215.8942129611969,90.78520323063383
80,79,2026-05-06 20:52:20,320,12,19600,3000,19600,3000,cuda,0.0009999273170664832,0.0009999269728883503,242.53764367103577,/content/model_checkpoint.pt,val,0.3133214762210846,0.30697340035438536,0.024484173575416206,0.05350899720191955,3.5332810859680177,0.058604984033852815,0.5467766087055206,nan,0.5351132389322917,250,3000,0,26.641306161880493,112.60709147558714
81,80,2026-05-06 20:56:23,320,12,19600,3000,19600,3000,cuda,0.0009999269728883503,0.0009999275340200758,242.3427333831787,/content/model_checkpoint.pt,train,0.26102176491932594,0.2551125115378688,0.02083323824942121,0.055685359115439904,3.1341979313217734,0.05357482795993429,0.5011551654834934,0.139893429162325,0.5361123963647959,1634,19600,0,215.62776803970337,90.89738384896266
81,80,2026-05-06 20:56:23,320,12,19600,3000,19600,3000,cuda,0.0009999269728883503,0.0009999275340200758,242.3427333831787,/content/model_checkpoint.pt,val,0.3103972165584564,0.30402688455581667,0.024547086872160433,0.05376536876708269,3.636627438545227,0.05841827478073537,0.5446718227863312,nan,0.5351132389322917,250,3000,0,26.713043212890625,112.30468861564684
82,81,2026-05-06 21:00:26,320,12,19600,3000,19600,3000,cuda,0.0009999275340200758,0.0009999265440249123,242.26884579658508,/content/model_checkpoint.pt,train,0.2618615803841132,0.2558917305871133,0.021235653016011765,0.05569003696178372,3.1892211677978497,0.05439760095144609,0.5017308853612243,0.14495946203143026,0.5361123963647959,1634,19600,0,215.70535898208618,90.86468733318644
82,81,2026-05-06 21:00:26,320,12,19600,3000,19600,3000,cuda,0.0009999275340200758,0.0009999265440249123,242.26884579658508,/content/model_checkpoint.pt,val,0.3152348346710205,0.3089396027326584,0.024080245411023497,0.05366390934959054,3.7327172236442565,0.05774716052226722,0.5483798147439957,nan,0.5351132389322917,250,3000,0,26.56169843673706,112.94458474277187
83,82,2026-05-06 21:04:28,320,12,19600,3000,19600,3000,cuda,0.0009999265440249123,0.0009999274271551806,242.4673867225647,/content/model_checkpoint.pt,train,0.25974456899351417,0.25387819413200585,0.020583225169072027,0.05557781283349264,3.1547083157585476,0.05322187706643449,0.5000480335374503,0.13225761293279717,0.5361123963647959,1634,19600,0,215.7883415222168,90.82974484041833
83,82,2026-05-06 21:04:28,320,12,19600,3000,19600,3000,cuda,0.0009999265440249123,0.0009999274271551806,242.4673867225647,/content/model_checkpoint.pt,val,0.31102993980050087,0.30484570145606993,0.02330228864774108,0.053777901370078325,3.663275671005249,0.057273344948887826,0.5450732958316803,nan,0.5351132389322917,250,3000,0,26.67745089530945,112.45452242693375
84,83,2026-05-06 21:08:31,320,12,19600,3000,19600,3000,cuda,0.0009999274271551806,0.0009999273292714066,242.45734524726868,/content/model_checkpoint.pt,train,0.26091556786816006,0.25499212636978275,0.02092878975990403,0.05568245720093206,3.1612969849217625,0.05417635864800474,0.5008856353955287,0.14314050539744383,0.5361123963647959,1634,19600,0,215.37354063987732,91.00467932025526
84,83,2026-05-06 21:08:31,320,12,19600,3000,19600,3000,cuda,0.0009999274271551806,0.0009999273292714066,242.45734524726868,/content/model_checkpoint.pt,val,0.311615843296051,0.30507110810279847,0.025746687445789576,0.053654638826847074,3.59143541097641,0.06065990775451064,0.5454407690763473,nan,0.5351132389322917,250,3000,0,27.082287311553955,110.77350910165286
85,84,2026-05-06 21:12:34,320,12,19600,3000,19600,3000,cuda,0.0009999273292714066,0.000999927191286718,242.06082940101624,/content/model_checkpoint.pt,train,0.26015567503222053,0.25424926807349285,0.0208247747013489,0.055653811555248636,3.1429832725075495,0.05378653925890274,0.5002514616001484,0.1379613312259955,0.5361123963647959,1634,19600,0,215.39039087295532,90.99755992160651
85,84,2026-05-06 21:12:34,320,12,19600,3000,19600,3000,cuda,0.0009999273292714066,0.000999927191286718,242.06082940101624,/content/model_checkpoint.pt,val,0.3125623848438263,0.3063523045778275,0.023403809873387218,0.05399016637727618,3.7778155155181885,0.056603695878759026,0.5459583683013916,nan,0.5351132389322917,250,3000,0,26.66891360282898,112.49052153672156
86,85,2026-05-06 21:16:36,320,12,19600,3000,19600,3000,cuda,0.000999927191286718,0.000999928401191688,242.05531358718872,/content/model_checkpoint.pt,train,0.2591675557606515,0.25329751652212884,0.020584303640755922,0.055647865185717,3.137781793878595,0.053405800716315406,0.49920058947152285,0.1339308560314056,0.5361123963647959,1634,19600,0,215.5535056591034,90.92869976792345
86,85,2026-05-06 21:16:36,320,12,19600,3000,19600,3000,cuda,0.000999927191286718,0.000999928401191688,242.05531358718872,/content/model_checkpoint.pt,val,0.3069569838345051,0.30062856075167654,0.024299396535381674,0.0536702785231173,3.6901261892318726,0.05818327547237277,0.5414029996395111,nan,0.5351132389322917,250,3000,0,26.500232696533203,113.20655310292668
87,86,2026-05-06 21:20:39,320,12,19600,3000,19600,3000,cuda,0.000999928401191688,0.0009999275089987356,242.47626852989197,/content/model_checkpoint.pt,train,0.2600565485410037,0.25415817511836786,0.020791206184279907,0.05559384407312581,3.1744362915452284,0.0538144279274214,0.5001054907005595,0.14187695638412287,0.5361123963647959,1634,19600,0,215.82110714912415,90.81595520894602
87,86,2026-05-06 21:20:39,320,12,19600,3000,19600,3000,cuda,0.000999928401191688,0.0009999275089987356,242.47626852989197,/content/model_checkpoint.pt,val,0.3118892088830471,0.3055187332928181,0.02457170324213803,0.05369442328810692,3.8218102712631223,0.058700643073767426,0.5447658501863479,nan,0.5351132389322917,250,3000,0,26.653558492660522,112.5553273055865
88,87,2026-05-06 21:24:42,320,12,19600,3000,19600,3000,cuda,0.0009999275089987356,0.0009999261841998673,242.4833550453186,/content/model_checkpoint.pt,train,0.2577741745918661,0.25194823368015895,0.02030206869844794,0.05561261212668693,3.1587104399026242,0.052654499056973614,0.4980018433990502,0.12869938302698525,0.5361123963647959,1634,19600,0,215.73440718650818,90.85245258562429
88,87,2026-05-06 21:24:42,320,12,19600,3000,19600,3000,cuda,0.0009999275089987356,0.0009999261841998673,242.4833550453186,/content/model_checkpoint.pt,val,0.3179178927540779,0.3113516257405281,0.02580010454542935,0.053925039261579516,3.5745350120067596,0.060115857008844614,0.5497213300466538,nan,0.5351132389322917,250,3000,0,26.747079133987427,112.16177979553325
89,88,2026-05-06 21:28:45,320,12,19600,3000,19600,3000,cuda,0.0009999261841998673,0.000999927837626816,242.0035903453827,/content/model_checkpoint.pt,train,0.25724866459627194,0.25141473507538276,0.02033220076645101,0.05568198314947709,3.147249892299295,0.053092695843608484,0.4976197643298998,0.12711555292804794,0.5361123963647959,1634,19600,0,215.52290987968445,90.94160806821739
89,88,2026-05-06 21:28:45,320,12,19600,3000,19600,3000,cuda,0.0009999261841998673,0.000999927837626816,242.0035903453827,/content/model_checkpoint.pt,val,0.3089923765063286,0.30293214178085326,0.022597476789727806,0.05341227670758963,3.7355558934211732,0.056596231713891026,0.5435296065807342,nan,0.5351132389322917,250,3000,0,26.47894287109375,113.29757440109167
90,89,2026-05-06 21:32:47,320,12,19600,3000,19600,3000,cuda,0.000999927837626816,0.0009999285800747406,242.16322898864746,/content/model_checkpoint.pt,train,0.256765396916735,0.2509726333720302,0.020097625946838095,0.05556239215275238,3.124462862238014,0.05294361139158633,0.49711426404946585,0.12607395363517898,0.5361123963647959,1634,19600,0,215.5697717666626,90.921838620377
90,89,2026-05-06 21:32:47,320,12,19600,3000,19600,3000,cuda,0.000999927837626816,0.0009999285800747406,242.16322898864746,/content/model_checkpoint.pt,val,0.306644603073597,0.3005856208205223,0.02251430437900126,0.05363672788068652,3.751318890094757,0.05536792548187077,0.5407262375354767,nan,0.5351132389322917,250,3000,0,26.591688632965088,112.81720545873762
91,90,2026-05-06 21:36:50,320,12,19600,3000,19600,3000,cuda,0.0009999285800747406,0.0009999283097136815,242.28482747077942,/content/model_checkpoint.pt,train,0.2562657376863017,0.25046742895351337,0.020131169186393197,0.055572665848505926,3.1459924289398122,0.05258512243969341,0.49655454099689,0.12308145902430778,0.5361123963647959,1634,19600,0,215.7675986289978,90.83847678956317
91,90,2026-05-06 21:36:50,320,12,19600,3000,19600,3000,cuda,0.0009999285800747406,0.0009999283097136815,242.28482747077942,/content/model_checkpoint.pt,val,0.3072652463912964,0.30104288426041603,0.023641831925138832,0.05352174455299973,3.4269884161949156,0.05691821588762105,0.5417487585544586,nan,0.5351132389322917,250,3000,0,26.515634059906006,113.14079811262242
92,91,2026-05-06 21:40:53,320,12,19600,3000,19600,3000,cuda,0.0009999283097136815,0.0009999281464606808,242.49282145500183,/content/model_checkpoint.pt,train,0.25576081641264614,0.2499834141731627,0.019990061191759886,0.055577860849611964,3.1154420412666504,0.052551809656165877,0.4962516839421073,0.1219407954484662,0.5361123963647959,1634,19600,0,215.82912921905518,90.81257970561997
92,91,2026-05-06 21:40:53,320,12,19600,3000,19600,3000,cuda,0.0009999283097136815,0.0009999281464606808,242.49282145500183,/content/model_checkpoint.pt,val,0.3089570090472698,0.3027547897696495,0.023427481606602667,0.053761936981230975,3.7595672459602354,0.05702006846666336,0.5423652573823928,nan,0.5351132389322917,250,3000,0,26.66200590133667,112.51966604094099
93,92,2026-05-06 21:44:56,320,12,19600,3000,19600,3000,cuda,0.0009999281464606808,0.0009999282977982153,242.54973077774048,/content/model_checkpoint.pt,train,0.25520265852916196,0.24944530100980034,0.019857201413473746,0.05557554243149571,3.1575451777060146,0.05258132890892766,0.49559468505140325,0.11594883846335632,0.5361123963647959,1634,19600,0,215.7774956226349,90.83431033177668
93,92,2026-05-06 21:44:56,320,12,19600,3000,19600,3000,cuda,0.0009999281464606808,0.0009999282977982153,242.54973077774048,/content/model_checkpoint.pt,val,0.308047427803278,0.3020677622556686,0.021986732551828026,0.05363311605527997,3.752346326828003,0.05547108613140881,0.5417937791347504,nan,0.5351132389322917,250,3000,0,26.77070903778076,112.06277711084091
94,93,2026-05-06 21:48:58,320,12,19600,3000,19600,3000,cuda,0.0009999282977982153,0.0009999281441201865,242.3651523590088,/content/model_checkpoint.pt,train,0.25578438620581184,0.25002080436472207,0.01990542225106511,0.055555368318807245,3.116508228469508,0.05253562218147117,0.49608752647622273,0.12324378910876875,0.5361123963647959,1634,19600,0,215.78205108642578,90.83239269122407
94,93,2026-05-06 21:48:58,320,12,19600,3000,19600,3000,cuda,0.0009999282977982153,0.0009999281441201865,242.3651523590088,/content/model_checkpoint.pt,val,0.3083214982151985,0.3020828056037426,0.023655502282083036,0.05380735957995057,3.612823028087616,0.056873982936143874,0.5423740907907486,nan,0.5351132389322917,250,3000,0,26.5814311504364,112.86074038006593
95,94,2026-05-06 21:53:01,320,12,19600,3000,19600,3000,cuda,0.0009999281441201865,0.0009999285533748687,242.3608067035675,/content/model_checkpoint.pt,train,0.2546122786765656,0.24886400393019983,0.01979217343924355,0.055588962191902784,3.124375382098603,0.052477336261533156,0.4950463645971828,0.11634713664167587,0.5361123963647959,1634,19600,0,215.61774849891663,90.9016077593375
95,94,2026-05-06 21:53:01,320,12,19600,3000,19600,3000,cuda,0.0009999281441201865,0.0009999285533748687,242.3608067035675,/content/model_checkpoint.pt,val,0.3061508594751358,0.3001191819012165,0.022407611912116408,0.05341068507358432,3.6312434463500978,0.05562193703651428,0.5408273040056228,nan,0.5351132389322917,250,3000,0,26.741599559783936,112.18476266885806
96,95,2026-05-06 21:57:04,320,12,19600,3000,19600,3000,cuda,0.0009999285533748687,0.0009999286651207904,242.08926057815552,/content/model_checkpoint.pt,train,0.2541966605726333,0.2484585690190115,0.019732612034851958,0.05556400019146566,3.1149984500399417,0.05245520790606838,0.4945724645909948,0.11456597284066196,0.5361123963647959,1634,19600,0,215.52987384796143,90.93866966129339
96,95,2026-05-06 21:57:04,320,12,19600,3000,19600,3000,cuda,0.0009999285533748687,0.0009999286651207904,242.08926057815552,/content/model_checkpoint.pt,val,0.30636082899570466,0.3002660955488682,0.022685367645695807,0.05383856641501188,3.7047832298278807,0.056193088758736846,0.5404041885137558,nan,0.5351132389322917,250,3000,0,26.557920694351196,112.96065059182486
97,96,2026-05-06 22:01:06,320,12,19600,3000,19600,3000,cuda,0.0009999286651207904,0.0009999286145820473,241.81473541259766,/content/model_checkpoint.pt,train,0.25330802743554554,0.2475998681882166,0.01954408068234965,0.05553094651082684,3.1001772082421013,0.0520423263669894,0.4936125644162352,0.10978820031985294,0.5361123963647959,1634,19600,0,215.35267210006714,91.01349803959033
97,96,2026-05-06 22:01:06,320,12,19600,3000,19600,3000,cuda,0.0009999286651207904,0.0009999286145820473,241.81473541259766,/content/model_checkpoint.pt,val,0.30672636339068415,0.30071437439322474,0.022277185244485735,0.05340822112187743,3.7373625588417054,0.05565523288398981,0.5405955897569656,nan,0.5351132389322917,250,3000,0,26.46047568321228,113.37664658475265
98,97,2026-05-06 22:05:09,320,12,19600,3000,19600,3000,cuda,0.0009999286145820473,0.0009999296813653217,242.10537910461426,/content/model_checkpoint.pt,train,0.25330797027491003,0.24760333729527134,0.019515455502394308,0.05554629048170702,3.1297338512638353,0.052280812650221324,0.4937461965707116,0.1131684880617053,0.5361123963647959,1634,19600,0,215.6107747554779,90.90454789297135
98,97,2026-05-06 22:05:09,320,12,19600,3000,19600,3000,cuda,0.0009999286145820473,0.0009999296813653217,242.10537910461426,/content/model_checkpoint.pt,val,0.30201088309288027,0.29590277710556984,0.02275372918508947,0.053900930747389796,3.7204423685073853,0.05606341747567058,0.5365409599542618,nan,0.5351132389322917,250,3000,0,26.49295449256897,113.23765346146925
99,98,2026-05-06 22:09:11,320,12,19600,3000,19600,3000,cuda,0.0009999296813653217,0.00099992973119576,242.07266759872437,/content/model_checkpoint.pt,train,0.2527400139386388,0.24702045313257046,0.019608353268904578,0.055566143881725635,3.106581371956969,0.05204415534146477,0.49325855322537837,0.1122454281114361,0.5361123963647959,1634,19600,0,215.40108799934387,90.99304085251279
99,98,2026-05-06 22:09:11,320,12,19600,3000,19600,3000,cuda,0.0009999296813653217,0.00099992973119576,242.07266759872437,/content/model_checkpoint.pt,val,0.30076777446269987,0.2946183233261108,0.023148046100512146,0.05354489305615425,3.516931911945343,0.05676031856611371,0.5363508151769638,nan,0.5351132389322917,250,3000,0,26.670055627822876,112.48570463686337
100,99,2026-05-06 22:13:14,320,12,19600,3000,19600,3000,cuda,0.00099992973119576,0.0009999292647331634,242.26200222969055,/content/model_checkpoint.pt,train,0.25240836285209717,0.24671733476941998,0.019438870841092366,0.055503943361082046,3.0923492832604063,0.05194704900062535,0.49281466807919294,0.1093765009899089,0.5361123963647959,1634,19600,0,215.6192877292633,90.90095884469402
100,99,2026-05-06 22:13:14,320,12,19600,3000,19600,3000,cuda,0.00099992973119576,0.0009999292647331634,242.26200222969055,/content/model_checkpoint.pt,val,0.3037686120867729,0.29764815166592595,0.0229905297011137,0.05343760186433792,3.5129765763282776,0.05630977687612176,0.5381281309127808,nan,0.5351132389322917,250,3000,0,26.64103674888611,112.60823023809061
